title,primary_culture_focus,secondary_culture_focus,full_address,street,city,state,county,zip,latitude,longitude,summary,exhibit_status,exhibit_start_date (YYYY-MM-DD format),exhibit_end_date (YYYY-MM-DD format),date_type,source_url,date_scraped,source_organization,additional_resources,notes
Fine Feathered Friends: Birds as Mainstay and Muse,Natural History,Ornithology,"205 W State St.  Trenton, NJ 08608",205 W State St,Trenton,NJ,Mercer,08608,,,Explores birds' ecological significance and historical role as design inspiration for NJ artisans in decorative arts.,,2020-01-04,2022-03-06,temporary,https://www.nj.gov/state/museum/explore-exhibits.shtml,2025-11-08,NJ State Museum,,
Posing Beauty in African American Culture,African American History,Beauty,"205 W State St.  Trenton, NJ 08608",205 W State St,Trenton,NJ,Mercer,08608,,,Explores contested representations of African and African American beauty in historical and contemporary contexts.,,2022-01-29,2022-05-22,temporary,https://www.nj.gov/state/museum/explore-exhibits.shtml,2025-11-08,NJ State Museum,,
New Jersey Artist Series - Caroline Burton: Way Finding,Art & Artists,Contemporary Art,"205 W State St.  Trenton, NJ 08608",205 W State St,Trenton,NJ,Mercer,08608,,,Features recent work (2020-present) by process-driven artist Caroline Burton.,,2023-09-23,2024-03-31,temporary,https://www.nj.gov/state/museum/explore-exhibits.shtml,2025-11-08,NJ State Museum,,
Discovering Grant Castner,Art & Artists,Photography,"205 W State St.  Trenton, NJ 08608",205 W State St,Trenton,NJ,Mercer,08608,,,"Features 200 images from 1,200+ glass plate negatives by photographer Grant Castner (1863-1941).",,2024-02-03,2024-09-15,temporary,https://www.nj.gov/state/museum/explore-exhibits.shtml,2025-11-08,NJ State Museum,,
Bark! Indigenous Cultural Expression,Native American History,Art & Artists,"205 W State St.  Trenton, NJ 08608",205 W State St,Trenton,NJ,Mercer,08608,,,"Explores use of bark by Indigenous communities globally, highlighting objects from Museum's Ethnographic collection.",,2024-05-04,2025-05-11,temporary,https://www.nj.gov/state/museum/explore-exhibits.shtml,2025-11-08,NJ State Museum,,
Seventeen Men: Portraits of the Men of the 25th US Colored Troops,African American History,Civil War; Military History,"137 Kings Hwy. Middletown, NJ 07748",137 Kings Hwy.,Middletown,NJ,Monmouth,07748,,,"This traveling exhibition features a series of portraits by professional artist, illustrator, and historian Shayne Davidson, based on an exceedingly rare tintype photograph album featuring seventeen of the men who served in the 25th Infantry, United States Colored Troops (USCT), Company G during the Civil War. ",,2025-01-01,2025-01-01,travelling,https://www.monmouthhistory.org/exhibits,2025-11-08,Monmouth County Historical Association,,
On the Edge of War: A Monmouth Before the Revolution,Local/Regional History,Revolutionary War,"70 Court St. Freehold, NJ 07728",70 Court St.,Freehold,NJ,Monmouth,07728,,,"This exhibition provides a personal look at the lives and conditions of Monmouth's men, women, and children in the decades leading up to the Revolutionary War. The downstairs gallery will immerse you in the solitude and sounds familiar to Colonial Monmouth, where you can hear the stories of what life was life - told by some of the residents themselves! Also, the Hartshorne Gallery contains fascinating documents to illustrate growing frustrations of Monmouth's residents,  painting, Washington Rallying the Troops at Monmouth",,2025-01-01,2025-01-01,"rotating, permanent",https://www.monmouthhistory.org/exhibits,2025-11-08,Monmouth County Historical Association,,
Choices: A The Covenhoven Family and the Battle of Monmouth,Local/Regional History,Revolutionary War,"150 W. Main St. Freehold, NJ 07728",150 W. Main St.,Freehold,NJ,Monmouth,07728,,,"Visit the historic 1752 home of William and Elizabeth Covenhoven, which was used as a makeshift headquarters by British General Sir Henry Clinton and his officers in the days before the Battle of Monmouth. Discover the choices that were available to the Revolutionary-era residents of Freehold as the British came through on their way to Sandy Hook.",,2025-01-01,2025-01-01,"rotating, permanent",https://www.monmouthhistory.org/exhibits,2025-11-08,Monmouth County Historical Association,,
Beneath the Floorboards: A Whispers of the Enslaved at Marlpit Hall,African American History,Civil War;  Military History,"127 Kings Hwy.  Middletown, NJ 07748",127 Kings Hwy.,Middletown,NJ,Monmouth,07748,,,"A two-time award-winning exhibit now at Marlpit Hall, a c. 1762 farmhouse once owned by the Taylor family of Middletown. The exhibit interprets the home from the perspective of seven of the twelve known enslaved men, women and children who once lived and worked there, exploring the often-overlooked topic of slavery in the North.",,2025-01-01,2025-01-01,"rotating, permanent",https://www.monmouthhistory.org/exhibits,2025-11-08,Monmouth County Historical Association,,
Teen Studio at MAM Presents: Brewing Artistry,Art & Artists,Teen/Youth Programs,"3 South Mountain Ave. Montclair, NJ 07042",3 South Mountain Ave,Montclair,NJ,Essex,07042,,,Works created by participants of MAM's Teen Studio Program,,2025-01-01,2025-02-16,,https://www.montclairartmuseum.org/exhibition/teen-studio-mam-presents-brewing-artistry,2025-11-08,Montclair Art Museum,,
Platinum to Postcards: Collecting Photography at MAM (2000–2025),Art & Artists,Photography; Collection Development,"3 South Mountain Ave. Montclair, NJ 07042",3 South Mountain Ave,Montclair,NJ,Essex,07042,,,Collection-based exhibition showcasing photography acquisitions from the last 25 years,,2025-04-12,2025-11-02,,https://www.montclairartmuseum.org/exhibition/platinum-postcards-collecting-photography-mam-2000-2025,2025-11-08,Montclair Art Museum,,
Tyler Chan: Montclair Snap Memories,Art & Artists,Contemporary Photography,"3 South Mountain Ave. Montclair, NJ 07042",3 South Mountain Ave,Montclair,NJ,Essex,07042,,,Solo Exhibition of Montclair-Native photographer Tyler Chan,,2025-04-12,2025-05-15,,https://www.montclairartmuseum.org/exhibition/tyler-chan-montclair-snap-memories,2025-11-08,Montclair Art Museum,,
Recent Acquisitions: Fine Art,Art & Artists,Collection Development,"205 W State St.  Trenton, NJ 08608",205 W State St,Trenton,NJ,Mercer,08608,,,"Opening June 14, 2025. Latest additions to the Fine Art collection including works by Robert Smithson, Cindy Sherman, Willie Cole, Mel Edwards, Nancy Cohen, and Purvis Young.",,2025-06-14,,temporary,https://www.nj.gov/state/museum/explore-exhibits.shtml,2025-11-08,Monmouth County Historical Association,,
An Infinite Palette: Access Student Art Exhibition,Art & Artists,Student Art; Education,"3 South Mountain Ave. Montclair, NJ 07042",3 South Mountain Ave,Montclair,NJ,Essex,07042,,,Works created by participants of MAM's Teen Studio Program,,2025-09-13,2025-09-28,,https://www.montclairartmuseum.org/exhibition/infinite-palette-access-student-art-exhibition,2025-11-08,Montclair Art Museum,,
Spirit of '76: The Bicentennial,Local/Regional History,Revolutionary War,"205 W State St.  Trenton, NJ 08608",205 W State St,Trenton,NJ,Mercer,08608,,,Showcases artifacts and artworks produced during the 1976 Bicentennial celebration.,,2026-02-14,,temporary,https://www.nj.gov/state/museum/explore-exhibits.shtml,2025-11-08,NJ State Museum,,
Edgar Heap of Birds: An Artistic Journey & Ephemera,Native American History,Contemporary Art; Ephemera,"Lower Art Gallery, 101 Vera King Farris Drive, Galloway, NJ 08205",,Galloway,NJ,Atlantic,08205,,,,,2025-04-01,,,https://stockton.edu/art,2025-11-08,Stockton Art Gallery,,
Nick St.Clair - The World Series of Autism,,,"30 S. Second St., Hammonton, NJ 08037",,Hammonton,NJ,Atlantic,08037,,,,,2023-04-01,,,https://noyesmuseum.org/s/NickStClair_Arts-Garage_EdGuide.pdf,2025-11-08,Noyes Arts Museum/Gallery,,
ArtC presents Clique21,,,"30 S. Second St., Hammonton, NJ 08037",,Hammonton,NJ,Atlantic,08037,,,,,2022-04-01,,,https://noyesmuseum.org/s/Education-Guide_ArtC_Clique2021_Final.pdf,2025-11-08,Noyes Arts Museum/Gallery,,
Nick St. Clair,,,"30 S. Second St., Hammonton, NJ 08037",,Hammonton,NJ,Atlantic,08037,,,,,2022-04-01,,,https://noyesmuseum.org/s/NickStClair_Hammonton_EdGuide.pdf; https://www.youtube.com/watch?v=TaJ0zYwNuxE; https://www.youtube.com/watch?v=hBN9Meap7fs,2025-11-08,Noyes Arts Museum/Gallery,,
Collective Identity: The Legacy of Apprenticeship Under Toshiko Takaezu,,,"30 S. Second St., Hammonton, NJ 08037",,Hammonton,NJ,Atlantic,08037,,,,,2019-04-12,,,http://noyesmuseum.org/s/Takaezu_55x85_Catalog_web.pdf; http://noyesmuseum.org/s/Ed-Gd_Collective-Identity_Takaezu_02.pdf; http://noyesmuseum.org/exhibition-descriptions/,2025-11-08,Noyes Arts Museum/Gallery,,
BFA Senior Exhibition,Art & Artists,Student Art; Education,"Lower Art Gallery, 101 Vera King Farris Drive, Galloway, NJ 08205",,Galloway,NJ,Atlantic,08205,,,,,2025-04-13,,,https://stockton.edu/art,2025-11-08,Stockton Art Gallery,,
Valeria Marcus,,,"30 S. Second St., Hammonton, NJ 08037",,Hammonton,NJ,Atlantic,08037,,,,,2019-04-15,,,http://noyesmuseum.org/s/Valeria-Marcus-Personal-Professional-Biography.pdf; http://noyesmuseum.org/s/Valeria.pdf,2025-11-08,Noyes Arts Museum/Gallery,,
Art Instructors Spotlight Exhibition,Art & Artists,Faculty Art; Contemporary Art,"3 South Mountain Ave. Montclair, NJ 07042",3 South Mountain Ave,Montclair,NJ,Essex,07042,,,NA,,2022-04-02,2022-05-03,,https://www.montclairartmuseum.org/exhibition/art-instructors-spotlight-exhibition,2025-11-08,Montclair Art Museum,,
BFA Senior Visual Art Exhibition,Art & Artists,Student Art; Education,"Upper & Lower Galleries, 101 Vera King Farris Drive, Galloway, NJ 08205",,Galloway,NJ,Atlantic,08205,,,,,2024-04-21,,,https://stockton.edu/art,2025-11-08,Stockton Art Gallery,,
Clique 25,,,"30 S. Second St., Hammonton, NJ 08037",,Hammonton,NJ,Atlantic,08037,,,,,2025-04-03,2025-06-27,,https://noyesmuseum.org/s/ARTC_EducationGuide_2025.pdf,2025-11-08,Noyes Arts Museum/Gallery,,
Shifting Momentum: Taiwan,,,"30 S. Second St., Hammonton, NJ 08037",,Hammonton,NJ,Atlantic,08037,,,,,2018-04-05,2018-06-06,,http://noyesmuseum.org/s/Shifting-Momentum-Abstract-Art-in-Taiwan_Education-Guide_Kramer-Hall.pdf,2025-11-08,Noyes Arts Museum/Gallery,,
Drawing Rooms: JC to AC,,,"30 S. Second St., Hammonton, NJ 08037",,Hammonton,NJ,Atlantic,08037,,,,,2018-04-05,2018-06-06,,http://noyesmuseum.org/s/JC-to-AC_Drawing-Rooms_-Ed-Guide_s.pdf,2025-11-08,Noyes Arts Museum/Gallery,,
Kambel Smith,,,"30 S. Second St., Hammonton, NJ 08037",,Hammonton,NJ,Atlantic,08037,,,,,2024-04-06,2024-06-23,,https://noyesmuseum.org/s/Kambel-Smith-Ed-Guide.pdf,2025-11-08,Noyes Arts Museum/Gallery,,
Joseph Podlesnik:,,,"30 S. Second St., Hammonton, NJ 08037",,Hammonton,NJ,Atlantic,08037,,,,,2024-04-06,2024-06-23,,https://noyesmuseum.org/s/Joseph-Podlesnik-Ed-Guide.pdf,2025-11-08,Noyes Arts Museum/Gallery,,
Easton Nights: Peter Ydeen,,,"30 S. Second St., Hammonton, NJ 08037",,Hammonton,NJ,Atlantic,08037,,,,,2021-04-06,2021-06-27,,http://peterydeen.com/,2025-11-08,Noyes Arts Museum/Gallery,,
Joseph Pfeiffer-Herbert,,,"30 S. Second St., Hammonton, NJ 08037",,Hammonton,NJ,Atlantic,08037,,,,,2021-04-06,2021-06-27,,https://www.instagram.com/pfeiffer.herbert.art/; https://noyesmuseum.org/s/JosephPfeifferHerbert_EducationGuide.pdf,2025-11-08,Noyes Arts Museum/Gallery,,
Valeria Marcus,,,"30 S. Second St., Hammonton, NJ 08037",,Hammonton,NJ,Atlantic,08037,,,,,2018-04-06,2018-06-03,,http://noyesmuseum.org/s/The-Worlds-Uncertainty_Valeria-Marcus_-Ed-Guide-hx9z.pdf,2025-11-08,Noyes Arts Museum/Gallery,,
Diane Tomash,,,"30 S. Second St., Hammonton, NJ 08037",,Hammonton,NJ,Atlantic,08037,,,,,2023-04-07,2023-05-21,,https://noyesmuseum.org/s/DianeTomash_Educational-Guide-for-Seaview.pdf,2025-11-08,Noyes Arts Museum/Gallery,,
Morgan Craig,,,"30 S. Second St., Hammonton, NJ 08037",,Hammonton,NJ,Atlantic,08037,,,,,2022-04-08,2022-06-26,,/s/Education-Guide_MorganCraig-9pj7.pdf,2025-11-08,Noyes Arts Museum/Gallery,,
Undaunted Spirit: Art of Native North America,Native American History,Art & Artists; Cultural Heritage,"3 South Mountain Ave. Montclair, NJ 07042",3 South Mountain Ave,Montclair,NJ,Essex,07042,,,NA,,2017-04-08,2017-04-08,,https://www.montclairartmuseum.org/exhibition/undaunted-spirit-art-native-north-america,2025-11-08,Montclair Art Museum,,
A Taste of Culture Pop-Up Exhibit,,,"30 S. Second St., Hammonton, NJ 08037",,Hammonton,NJ,Atlantic,08037,,,,,2023-05-01,2023-05-31,,https://noyesmuseum.org/s/TasteofCulture_AAPI_EdGuide.pdf,2025-11-08,Noyes Arts Museum/Gallery,,
"Celebrating Fred W. Noyes, Jr.",,,"30 S. Second St., Hammonton, NJ 08037",,Hammonton,NJ,Atlantic,08037,,,,,2022-08-11,2022-09-11,,https://noyes-museum.squarespace.com/s/FredNoyesCollectionGalleryGuide.pdf,2025-11-08,Noyes Arts Museum/Gallery,,
The Lure of South Jersey,,,"30 S. Second St., Hammonton, NJ 08037",,Hammonton,NJ,Atlantic,08037,,,,,2017-08-14,2018-01-07,,http://noyesmuseum.org/s/Ed-Guide_Extended_The-Lure-of-South-Jersey-The-Resettlement-of-Migrants-32mc.pdf,2025-11-08,Noyes Arts Museum/Gallery,,
Shore Color: Presented by the Southern New Jersey Shore Plein Air Painters,,,"30 S. Second St., Hammonton, NJ 08037",,Hammonton,NJ,Atlantic,08037,,,,,2024-08-02,2024-09-29,,https://www.facebook.com/events/816618570592981/?rdid=Cfb5hz98ZFVDgYbb&share_url=https%3A%2F%2Fwww.facebook.com%2Fshare%2FmVMAVUUMHoqfEHwo%2F; https://noyesmuseum.org/s/Shore-Color-Ed-Guide.pdf,2025-11-08,Noyes Arts Museum/Gallery,,
A Taste of Culture Pop-Up Exhibit - India,,,"30 S. Second St., Hammonton, NJ 08037",,Hammonton,NJ,Atlantic,08037,,,,,2023-08-01,2023-08-31,,https://noyesmuseum.org/s/Education-Guide_INDIA.pdf,2025-11-08,Noyes Arts Museum/Gallery,,
Hammonton: 150 Years of Agriculture,,,"30 S. Second St., Hammonton, NJ 08037",,Hammonton,NJ,Atlantic,08037,,,,,2016-08-22,2016-12-31,,http://noyesmuseum.org/s/Hammonton-Agriculture_Education-Guide_-4-pgs_-6sfz.pdf,2025-11-08,Noyes Arts Museum/Gallery,,
Mindscapes: Access Program Student Art Exhibition,Art & Artists,Student Art; Education,"3 South Mountain Ave. Montclair, NJ 07042",3 South Mountain Ave,Montclair,NJ,Essex,07042,,,,,2024-08-23,2024-08-23,,https://www.montclairartmuseum.org/exhibition/mindscapes-access-program-student-art-exhibition,2025-11-08,Montclair Art Museum,,
Philip J. Carroll,,,"30 S. Second St., Hammonton, NJ 08037",,Hammonton,NJ,Atlantic,08037,,,,,2021-08-26,2021-10-31,,https://noyesmuseum.org/s/090521_Education-Guide_PhilipCarroll_Seaview-Resort.pdf; https://www.philipcarroll.com/?fbclid=IwAR0f8rV99Fvngi645WH8kLjX0S-geupcQSDt3QdFBY5mSN3FWSJ9CpFuq4k,2025-11-08,Noyes Arts Museum/Gallery,,
Wood Engravers’ Network,,,"30 S. Second St., Hammonton, NJ 08037",,Hammonton,NJ,Atlantic,08037,,,,,2017-08-30,2017-10-28,,https://noyes-museum.squarespace.com/s/Wood-Engravers-Network-Education-Guide-ew2e.pdf,2025-11-08,Noyes Arts Museum/Gallery,,
Noyes Artist Member Highlight: Glen Guarino,,,"30 S. Second St., Hammonton, NJ 08037",,Hammonton,NJ,Atlantic,08037,,,,,2021-08-04,2021-09-05,,https://www.artsgarageac.com/s/ArtistMemberHighlight_GlenGuarino_EducationGuide.pdf; https://guarinofurnituredesigns.com/,2025-11-08,Noyes Arts Museum/Gallery,,
"A.J. Rudisill at Borough Hall, LBI",,,"30 S. Second St., Hammonton, NJ 08037",,Hammonton,NJ,Atlantic,08037,,,,,2021-08-04,2021-08-04,,,2025-11-08,Noyes Arts Museum/Gallery,,
Grand Vista: 21st Century Landscapes,,,"30 S. Second St., Hammonton, NJ 08037",,Hammonton,NJ,Atlantic,08037,,,,,2016-08-05,2016-10-30,,http://noyesmuseum.org/s/GrandVista_EducationGuide_ArtsGarage_.pdf,2025-11-08,Noyes Arts Museum/Gallery,,
Artist Member Highlight: Christina Marie Walley,,,"30 S. Second St., Hammonton, NJ 08037",,Hammonton,NJ,Atlantic,08037,,,,,2018-12-01,2018-12-30,,https://noyesmuseum.org/s/ArtistMemberHighlight_ChristinaWalley_EducationGuide_2022.pdf,2025-11-08,Noyes Arts Museum/Gallery,,
2018 Teen Arts Exhibition,,,"30 S. Second St., Hammonton, NJ 08037",,Hammonton,NJ,Atlantic,08037,,,,,2021-12-10,2022-03-18,,,2025-11-08,Noyes Arts Museum/Gallery,,
Drew Griffiths,,,"30 S. Second St., Hammonton, NJ 08037",,Hammonton,NJ,Atlantic,08037,,,,,2019-12-02,2020-03-08,,,2025-11-08,Noyes Arts Museum/Gallery,,
Andrea Sauchelli,,,"30 S. Second St., Hammonton, NJ 08037",,Hammonton,NJ,Atlantic,08037,,,,,2019-12-02,2020-03-08,,http://noyesmuseum.org/s/Sauchelli-Ed-Guide.pdf,2025-11-08,Noyes Arts Museum/Gallery,,
Harley Jarrett,,,"30 S. Second St., Hammonton, NJ 08037",,Hammonton,NJ,Atlantic,08037,,,,,2019-12-02,2020-03-08,,https://noyes-museum.squarespace.com/s/Harley_Jarrett_Ed_Guide.pdf,2025-11-08,Noyes Arts Museum/Gallery,,
Laura Bethmann,,,"30 S. Second St., Hammonton, NJ 08037",,Hammonton,NJ,Atlantic,08037,,,,,2022-12-20,2022-12-20,,http://noyesmuseum.org/s/LauraBethmann_EdGuide-Updated-for-Atl.pdf,2025-11-08,Noyes Arts Museum/Gallery,,
WHO ARE YOU: EXAMINING PEOPLE THROUGH PORTRAITURE,Art & Artists,Portraiture; Social Themes,"3 South Mountain Ave. Montclair, NJ 07042",3 South Mountain Ave,Montclair,NJ,Essex,07042,,,Latest Student Exhibition,,2021-12-23,2021-12-23,,https://www.montclairartmuseum.org/exhibition/who-are-you-examining-people-through-portraiture,2025-11-08,Montclair Art Museum,,
Youth Bias Task Force Student Art Exhibition,Art & Artists,Student Art; Social Themes,"3 South Mountain Ave. Montclair, NJ 07042",3 South Mountain Ave,Montclair,NJ,Essex,07042,,,Artworks made by students throughout New Jersey in an effort to stand up against hate,,2019-12-04,2020-01-02,,https://www.montclairartmuseum.org/exhibition/youth-bias-task-force-student-art-exhibition,2025-11-08,Montclair Art Museum,,
Verdadism,,,"30 S. Second St., Hammonton, NJ 08037",,Hammonton,NJ,Atlantic,08037,,,,,2024-12-08,2024-12-14,,http://noyesmuseum.org/s/Education-Guide_Arts_Garage_Soraida_Martinez_english-1.pdf; http://www.soraida.com/,2025-11-08,Noyes Arts Museum/Gallery,,
BFA Senior Visual Art Exhibition,Art & Artists,Student Art; Education,"Lower Art Gallery, 101 Vera King Farris Drive, Galloway, NJ 08205",,Galloway,NJ,Atlantic,08205,,,,,2018-12-08,2019-02-17,,https://stockton.edu/art,2025-11-08,Stockton Art Gallery,,
2018 Associate Artist’s Exhibition,,,"30 S. Second St., Hammonton, NJ 08037",,Hammonton,NJ,Atlantic,08037,,,,,2018-12-08,2019-02-17,,https://noyesmuseum.org/s/Associate_Artists_Exhibition_2018_Ed_Guide.pdf,2025-11-08,Noyes Arts Museum/Gallery,,
Steve Freeman,,,"30 S. Second St., Hammonton, NJ 08037",,Hammonton,NJ,Atlantic,08037,,,,,2021-12-08,2022-01-15,,/s/Steven-Freeman-Ed-Guide_Hammonton.pdf,2025-11-08,Noyes Arts Museum/Gallery,,
Black Art Matters: A Pop-Up Exhibition with Raymond Tyler,,,"30 S. Second St., Hammonton, NJ 08037",,Hammonton,NJ,Atlantic,08037,,,,,12/8/2021,1/15/2022,,,2025-11-08,Noyes Arts Museum/Gallery,,
Literary Visions,,,"30 S. Second St., Hammonton, NJ 08037",,Hammonton,NJ,Atlantic,08037,,,Featuring original paintings inspired by poetry and prose written by Winter Getaway faculty.,,,,,http://stockton.edu/murphywriting; https://noyesmuseum.org/s/Literary-Visions-Ed-Guide-Final.pdf,2025-11-08,Noyes Arts Museum/Gallery,,
2023 New Jersey Arts Annual: Mother Nature vs Human Nature: The Inequity of Climate Resilience,,,"30 S. Second St., Hammonton, NJ 08037",,Hammonton,NJ,Atlantic,08037,,,,,2/1/2023,6/24/2023,,/s/NJ-Arts-Annual-2023-Exhibit-Catalog.pdf,2025-11-08,Noyes Arts Museum/Gallery,,
Kimberly Camp,,,"30 S. Second St., Hammonton, NJ 08037",,Hammonton,NJ,Atlantic,08037,,,,,2/1/2018,3/25/2018,,http://kimberlycamp.com/; http://noyesmuseum.org/s/The-Links_Kimberly-Camp_Paintings_Ed-Gd.pdf,2025-11-08,Noyes Arts Museum/Gallery,,
"The Links, Inc. presents Candice Tavares",,,"30 S. Second St., Hammonton, NJ 08037",,Hammonton,NJ,Atlantic,08037,,,,,2/1/2025,3/30/2025,,https://noyes-museum.squarespace.com/s/Candice-Tavares-Ed-Guide-fbx6.pdf,2025-11-08,Noyes Arts Museum/Gallery,,
vanessa german: …please imagine all the things i cannot say…,Art & Artists,Contemporary Art; Social Practice,"3 South Mountain Ave. Montclair, NJ 07042",3 South Mountain Ave,Montclair,NJ,Essex,07042,,,"A large-scale, immersive, site-specific installation of mixed-media works.",,2/11/2023,2/11/2023,,https://www.montclairartmuseum.org/exhibition/vanessa-german-please-imagine-all-things-i-cannot-say,2025-11-08,Montclair Art Museum,,
Joan Arbeiter - Lives and Works: Talks with Women Artists,,,"30 S. Second St., Hammonton, NJ 08037",,Hammonton,NJ,Atlantic,08037,,,,,2/14/2023,6/26/2023,,https://noyesmuseum.org/s/Education-Guide_LivesAndWorksTalksWithWomenArtists_JoanArbeiter.pdf,2025-11-08,Noyes Arts Museum/Gallery,,
Peter Turnley,,,"30 S. Second St., Hammonton, NJ 08037",,Hammonton,NJ,Atlantic,08037,,,,,2/2/2022,4/6/2022,,https://www.artsgarageac.com/s/PeterTurnleyExhibition_Online_1-1.pdf,2025-11-08,Noyes Arts Museum/Gallery,,
Lou Storey,,,"30 S. Second St., Hammonton, NJ 08037",,Hammonton,NJ,Atlantic,08037,,,,,2/2/2019,4/7/2019,,https://noyesmuseum.org/s/Ed-Gd_Lou_Storey_Exhibition_2019.pdf,2025-11-08,Noyes Arts Museum/Gallery,,
"The Links, Inc. present: MICHELE FOSTER LUCAS",,,"30 S. Second St., Hammonton, NJ 08037",,Hammonton,NJ,Atlantic,08037,,,,,2/2/2023,3/24/2023,,https://noyesmuseum.org/s/Education-Guide_Links_MicheleFosterLucas_2024.pdf,2025-11-08,Noyes Arts Museum/Gallery,,
Driving While Black,,,"30 S. Second St., Hammonton, NJ 08037",,Hammonton,NJ,Atlantic,08037,,,,,2/23/2019,5/24/2019,,http://noyesmuseum.org/s/Driving_While_Black_Exhibition_2019_Ed_Guide_11.pdf; http://noyesmuseum.org/exhibition-descriptions/,2025-11-08,Noyes Arts Museum/Gallery,,
Leon Wescoat,,,"30 S. Second St., Hammonton, NJ 08037",,Hammonton,NJ,Atlantic,08037,,,,,2/24/2022,5/8/2022,,https://noyesmuseum.org/s/LeonWescoat_Educational-Guide-for-Seaview.pdf,2025-11-08,Noyes Arts Museum/Gallery,,
Denise McDaniel,,,"30 S. Second St., Hammonton, NJ 08037",,Hammonton,NJ,Atlantic,08037,,,,,2/3/2024,4/28/2024,,https://noyesmuseum.org/s/McDaniel_EdGuide_Seaview.pdf,2025-11-08,Noyes Arts Museum/Gallery,,
Kay WalkingStick: An American Artist,Native American History,Contemporary Art; Native Art,"3 South Mountain Ave. Montclair, NJ 07042",3 South Mountain Ave,Montclair,NJ,Essex,07042,,,The Montclair Art Museum will be the final stop of the national tour of Kay,,2/3/2018,2/3/2018,,https://www.montclairartmuseum.org/exhibition/kay-walkingstick-american-artist,2025-11-08,Montclair Art Museum,,
Absegami Exhibit,,,"30 S. Second St., Hammonton, NJ 08037",,Hammonton,NJ,Atlantic,08037,,,,,2/5/2020,2/23/2020,,,2025-11-08,Noyes Arts Museum/Gallery,,
Anthony Johnson:,,,"30 S. Second St., Hammonton, NJ 08037",,Hammonton,NJ,Atlantic,08037,,,,,2/5/2020,3/29/2020,,https://linksinc.org/,2025-11-08,Noyes Arts Museum/Gallery,,
Lennox Warner,,,"30 S. Second St., Hammonton, NJ 08037",,Hammonton,NJ,Atlantic,08037,,,,,2/5/2020,10/31/2020,,http://www.lennoxwarner.com/; /s/Lennox-Warner_Education-Guide-k7c7.pdf,2025-11-08,Noyes Arts Museum/Gallery,,
Tenacity & Resilience: The Art of Jerry Pinkney,Art & Artists,Illustration; African American Art,"3 South Mountain Ave. Montclair, NJ 07042",3 South Mountain Ave,Montclair,NJ,Essex,07042,,,NA,,2/5/2022,2/5/2022,,https://www.montclairartmuseum.org/exhibition/tenacity-resilience-art-jerry-pinkney,2025-11-08,Montclair Art Museum,,
Christopher Fabor Muhammad,,,"30 S. Second St., Hammonton, NJ 08037",,Hammonton,NJ,Atlantic,08037,,,,,2/6/2019,4/7/2019,,http://noyesmuseum.org/s/Muhammad-Bio-2.pdf; http://noyesmuseum.org/s/Muhammad-Statement.pdf; http://noyesmuseum.org/s/Ed-Gd-The-Links-Muhammad-Paintings_2019_.pdf,2025-11-08,Noyes Arts Museum/Gallery,,
Eric Schultz,,,"30 S. Second St., Hammonton, NJ 08037",,Hammonton,NJ,Atlantic,08037,,,,,2/7/2014,5/15/2014,,http://eric-schultz.com/home.html,2025-11-08,Noyes Arts Museum/Gallery,,
New York to New Mexico: New Acquisitions,Art & Artists,Collection Development; Regional Art,"3 South Mountain Ave. Montclair, NJ 07042",3 South Mountain Ave,Montclair,NJ,Essex,07042,,,NA,,2/7/2021,2/7/2021,,https://www.montclairartmuseum.org/exhibition/new-york-new-mexico-new-acquisitions,2025-11-08,Montclair Art Museum,,
Fragile Freedoms: Maggie Meiners Revisits Rockwell,Art & Artists,Illustration; American Art,"3 South Mountain Ave. Montclair, NJ 07042",3 South Mountain Ave,Montclair,NJ,Essex,07042,,,"“...these images will be a platform for people to use for discussion, to expand dialogue",,2/7/2021,2/7/2021,,https://www.montclairartmuseum.org/exhibition/fragile-freedoms-maggie-meiners-revisits-rockwell,2025-11-08,Montclair Art Museum,,
Federico Uribe: Animalia,Art & Artists,Contemporary Art; Sculpture,"3 South Mountain Ave. Montclair, NJ 07042",3 South Mountain Ave,Montclair,NJ,Essex,07042,,,NA,,2/8/2020,2/8/2020,,https://www.montclairartmuseum.org/exhibition/federico-uribe-animalia,2025-11-08,Montclair Art Museum,,
Uncaged: Animals in the Collection,Natural History,Zoology; Taxidermy,"3 South Mountain Ave. Montclair, NJ 07042",3 South Mountain Ave,Montclair,NJ,Essex,07042,,,NA,,2/8/2020,2/8/2020,,https://www.montclairartmuseum.org/exhibition/uncaged-animals-collection,2025-11-08,Montclair Art Museum,,
AACC Founders' Fellow Exhibition Jazlyne Sabree: Dignified Vulnerability,Art & Artists,Contemporary Art; Fellow Program,"3 South Mountain Ave. Montclair, NJ 07042",3 South Mountain Ave,Montclair,NJ,Essex,07042,,,"Dignity, vulnerability, and justice through Jazlyne Sabree's art",,2/8/2025,2/8/2025,,https://www.montclairartmuseum.org/exhibition/aacc-founders-fellow-exhibition-jazlyne-sabree-dignified-vulnerability,2025-11-08,Montclair Art Museum,,
A to Sze: Collecting at MAM (2000-2025),Art & Artists,Contemporary Art; Collection Development,"3 South Mountain Ave. Montclair, NJ 07042",3 South Mountain Ave,Montclair,NJ,Essex,07042,,,Collection-based exhibition showcasing acquisitions from the last 25 years,,2/8/2025,2/8/2025,,https://www.montclairartmuseum.org/exhibition/sze-collecting-mam-2000-2025,2025-11-08,Montclair Art Museum,,
Nanette Carter: A Question of Balance,Art & Artists,Contemporary Art; Abstraction,"3 South Mountain Ave. Montclair, NJ 07042",3 South Mountain Ave,Montclair,NJ,Essex,07042,,,Comprehensive retrospective of Montclair artist Nanette Carter's innovative work,,2/8/2025,2/8/2025,,https://www.montclairartmuseum.org/exhibition/nanette-carter-question-balance,2025-11-08,Montclair Art Museum,,
The Links Incorporated present Larry Poncho Brown,,,"30 S. Second St., Hammonton, NJ 08037",,Hammonton,NJ,Atlantic,08037,,,,,2/9/2023,4/3/2023,,/s/Education-Guide_Links_LarryPonchoBrown_2023.pdf,2025-11-08,Noyes Arts Museum/Gallery,,
David Woeller,,,"30 S. Second St., Hammonton, NJ 08037",,Hammonton,NJ,Atlantic,08037,,,,,2/9/2017,4/30/2017,,https://www.davidwoeller.com,2025-11-08,Noyes Arts Museum/Gallery,,
Lennox Warner,,,"30 S. Second St., Hammonton, NJ 08037",,Hammonton,NJ,Atlantic,08037,,,,,2/9/2024,6/28/2024,,http://www.lennoxwarner.com/; https://noyesmuseum.org/s/Lennox-Warner-Ed-Guide.pdf,2025-11-08,Noyes Arts Museum/Gallery,,
New Directions in Fiber Art,Art & Artists,Fiber Art; Contemporary Art,"3 South Mountain Ave. Montclair, NJ 07042",3 South Mountain Ave,Montclair,NJ,Essex,07042,,,"MAM will be exhibiting New Directions in Fiber Art, the New Jersey Arts Annual exhibition",,2/9/2019,2/9/2019,,https://www.montclairartmuseum.org/exhibition/new-directions-fiber-art,2025-11-08,Montclair Art Museum,,
Debra Cartwright: Inaugural AACC Founders Fellow Exhibition,Art & Artists,Contemporary Art; Fellow Program,"3 South Mountain Ave. Montclair, NJ 07042",3 South Mountain Ave,Montclair,NJ,Essex,07042,,,NA,,2/9/2024,2/9/2024,,https://www.montclairartmuseum.org/exhibition/debra-cartwright-inaugural-aacc-founders-fellow-exhibition,2025-11-08,Montclair Art Museum,,
Century: 100 Years of Black Art at MAM,African American History,African American Art; 20th Century,"3 South Mountain Ave. Montclair, NJ 07042",3 South Mountain Ave,Montclair,NJ,Essex,07042,,,Celebration of the dramatic growth of MAM’s collection of works by Black artists.,,2/9/2024,2/9/2024,,https://www.montclairartmuseum.org/exhibition/century-100-years-black-art-mam,2025-11-08,Montclair Art Museum,,
Hak Vogrin,,,"30 S. Second St., Hammonton, NJ 08037",,Hammonton,NJ,Atlantic,08037,,,,,1/10/2020,4/1/2020,,http://www.artsgarageac.com/s/Hak-Vogrin_Education-Guide_Arts-Garage_Winter_2020.pdf,2025-11-08,Noyes Arts Museum/Gallery,,
"Joanne Coffman,",,,"30 S. Second St., Hammonton, NJ 08037",,Hammonton,NJ,Atlantic,08037,,,,,1/10/2025,3/16/2025,,https://www.instagram.com/mlotkaartist/; https://timfaherty.net/view/72113/1/0/4534164,2025-11-08,Noyes Arts Museum/Gallery,,
RAW 2020: Photography Exhibition & Competition,,,"30 S. Second St., Hammonton, NJ 08037",,Hammonton,NJ,Atlantic,08037,,,,,1/10/2020,3/29/2020,,,2025-11-08,Noyes Arts Museum/Gallery,,
Ducktown: An Atlantic City Immigration Story,,,"30 S. Second St., Hammonton, NJ 08037",,Hammonton,NJ,Atlantic,08037,,,,,1/10/2024,3/31/2024,,https://noyesmuseum.org/s/Education-Guide_Janice_Merendino_Ducktown.pdf; https://www.youtube.com/watch?v=w8RzuaK6VGM; https://www.youtube.com/watch?v=GyVlIAqIrtA,2025-11-08,Noyes Arts Museum/Gallery,,
Hak Vogrin,,,"30 S. Second St., Hammonton, NJ 08037",,Hammonton,NJ,Atlantic,08037,,,,,1/10/2020,11/1/2020,,/s/Hak-Vogrin_Education-Guide_Arts-Garage_Winter_2020-y4d2.pdf,2025-11-08,Noyes Arts Museum/Gallery,,
Stephen Dunn,,,"30 S. Second St., Hammonton, NJ 08037",,Hammonton,NJ,Atlantic,08037,,,,,1/11/2022,2/20/2022,,https://noyes-museum.squarespace.com/s/Stephen-Dunn_-Then-Now-A-Retrospective_Educational-Guide-for-Seaview.pdf,2025-11-08,Noyes Arts Museum/Gallery,,
John Rappleye,,,"30 S. Second St., Hammonton, NJ 08037",,Hammonton,NJ,Atlantic,08037,,,,,1/13/2017,4/23/2017,,http://noyesmuseum.org/s/A-Dark-Wood-Ed-Guide-92mg.pdf,2025-11-08,Noyes Arts Museum/Gallery,,
ACUA’s 10th Annual Recycled Art Contest - Art Exhibit,,,"30 S. Second St., Hammonton, NJ 08037",,Hammonton,NJ,Atlantic,08037,,,,,1/15/2025,2/12/2025,,https://noyesmuseum.org/s/ACUA-Exhibit-Pop-Up-2025-Education-Guide.pdf,2025-11-08,Noyes Arts Museum/Gallery,,
Art Club presents: closer - a collection of tiny art,,,"30 S. Second St., Hammonton, NJ 08037",,Hammonton,NJ,Atlantic,08037,,,,,1/15/2021,2/28/2021,,https://noyes-museum.squarespace.com/s/Closer_ArtClub_EducationGuide.pdf,2025-11-08,Noyes Arts Museum/Gallery,,
Jim Dessicino,,,"30 S. Second St., Hammonton, NJ 08037",,Hammonton,NJ,Atlantic,08037,,,,,1/15/2018,3/25/2018,,http://noyesmuseum.org/s/Without-Papers_Jim-Dessicino_-Ed-Guide.pdf,2025-11-08,Noyes Arts Museum/Gallery,,
"We Are the River: Complex Narratives, Conservation & Committing to New Jersey's Waterways",Local/Regional History,Environmental Studies; Ecology,"Lower Art Gallery, 101 Vera King Farris Drive, Galloway, NJ 08205",,Galloway,NJ,Atlantic,08205,,,,,1/16/2024,4/7/2024,,https://stockton.edu/art,2025-11-08,Stockton Art Gallery,,
Dwell & Dusk: The Incredible in the Mundane,Art & Artists,Contemporary Art; Everyday Life,"Upper Gallery, 101 Vera King Farris Drive, Galloway, NJ 08205",,Galloway,NJ,Atlantic,08205,,,,,1/16/2024,4/7/2024,,https://stockton.edu/art,2025-11-08,Stockton Art Gallery,,
Academic Visions: Southern NJ University and College Art Professors Showcase,,,"30 S. Second St., Hammonton, NJ 08037",,Hammonton,NJ,Atlantic,08037,,,,,1/18/2025,5/3/2025,,https://noyes-museum.squarespace.com/s/Academic-Visions-Ed-Guide.pdf,2025-11-08,Noyes Arts Museum/Gallery,,
"The Links, Incorporated: Karen Y. Buster",,,"30 S. Second St., Hammonton, NJ 08037",,Hammonton,NJ,Atlantic,08037,,,,,1/20/2021,3/28/2021,,http://www.karenybuster.com/; https://noyesmuseum.org/s/Education-Guide_Links_Karen_Buster_.pdf,2025-11-08,Noyes Arts Museum/Gallery,,
David Ahlsted: Paintings of the National Parks,Art & Artists,Landscape Art; Environmental Art,"Upper Art Gallery, 101 Vera King Farris Drive, Galloway, NJ 08205",,Galloway,NJ,Atlantic,08205,,,,,1/21/2025,4/8/2025,,https://stockton.edu/art,2025-11-08,Stockton Art Gallery,,
Front Line Gallery,,,"30 S. Second St., Hammonton, NJ 08037",,Hammonton,NJ,Atlantic,08037,,,,,"January 21 - April 8, 2025",,,https://www.frontlinearts.org/; http://noyesmuseum.org/s/Education-Guide_Frontline_Paper_a.pdf,2025-11-08,Noyes Arts Museum/Gallery,,
Stockton Coast DayPop-Up Gallery,,,"30 S. Second St., Hammonton, NJ 08037",,Hammonton,NJ,Atlantic,08037,,,,,"January 21 - February 26, 2020",,,http://noyesmuseum.org/s/Education-Guide_Stockton_Coast_Day.pdf,2025-11-08,Noyes Arts Museum/Gallery,,
Byzantine Reflections: Ancient and Modern in Church Architecture and Iconography,Art & Artists,Religious Art; Architectural History,"Lower Art Gallery, 101 Vera King Farris Drive, Galloway, NJ 08205",,Galloway,NJ,Atlantic,08205,,,,,"January 21 - February 29, 2020",,,https://stockton.edu/art,2025-11-08,Stockton Art Gallery,,
BORDERLESS: Digital Practices in Changing Times,,,"30 S. Second St., Hammonton, NJ 08037",,Hammonton,NJ,Atlantic,08037,,,,,"January 21 - March 23, 2025",,,https://noyesmuseum.org/borderless; https://noyes-museum.squarespace.com/s/Educational-Guide.pdf,2025-11-08,Noyes Arts Museum/Gallery,,
Selections from the Noyes Museum Permanent Collection,,,"30 S. Second St., Hammonton, NJ 08037",,Hammonton,NJ,Atlantic,08037,,,,,"January 21 - May 9, 2021",,,https://noyesmuseum.org/s/Education-Guide_Selections-from-the-Noyes-Collection-AG-2021.pdf,2025-11-08,Noyes Arts Museum/Gallery,,
RAW 2017: Photography,,,"30 S. Second St., Hammonton, NJ 08037",,Hammonton,NJ,Atlantic,08037,,,,,"January 22 - September 26, 2021",,,http://noyesmuseum.org/s/RAW-2017_Artists-Statements.pdf; http://noyesmuseum.org/s/RAW-2017_Education-Guide.pdf,2025-11-08,Noyes Arts Museum/Gallery,,
George Mattei,,,"30 S. Second St., Hammonton, NJ 08037",,Hammonton,NJ,Atlantic,08037,,,,,"January 23 - May 1, 2017",,,http://www.georgemattei.com/; /s/George-Mattei-Shore-Medical-Ed-Guide-FINAL-29fa.pdf,2025-11-08,Noyes Arts Museum/Gallery,,
Joe Lugara,,,"30 S. Second St., Hammonton, NJ 08037",,Hammonton,NJ,Atlantic,08037,,,,,"January 28 – September 11, 2020",,,,2025-11-08,Noyes Arts Museum/Gallery,,
Skeff Thomas:,,,"30 S. Second St., Hammonton, NJ 08037",,Hammonton,NJ,Atlantic,08037,,,,,"January 9 - March 11, 2018",,,https://noyes-museum.squarespace.com/s/Education-Guide_SkeffThomas.pdf; https://noyes-museum.squarespace.com/s/Skeff_Thomas_Exhibition_.pdf,2025-11-08,Noyes Arts Museum/Gallery,,
Treacy ZieglerUnder a Concrete Sky,,,"30 S. Second St., Hammonton, NJ 08037",,Hammonton,NJ,Atlantic,08037,,,,,"July 1 - October 2, 2022",,,https://noyes-museum.squarespace.com/s/TreacyZiegler_EdGuide-1.pdf,2025-11-08,Noyes Arts Museum/Gallery,,
Children of Glass: Mary Ann McKay,,,"30 S. Second St., Hammonton, NJ 08037",,Hammonton,NJ,Atlantic,08037,,,,,"July 1 - October 2, 2022",,,https://noyesmuseum.org/s/MaryAnnMcKay_EducationGuide.pdf,2025-11-08,Noyes Arts Museum/Gallery,,
100 Faces of War,,,"30 S. Second St., Hammonton, NJ 08037",,Hammonton,NJ,Atlantic,08037,,,,,"July 1 - September 24, 2023",,,http://noyesmuseum.org/s/Education-Guide_100-Faces-of-War_-Smithsonian_Exhibition_02.pdf; http://noyesmuseum.org/s/100-Faces-Interview-with-Mitchell-2.pdf; https://www.si.edu/; https://www.sites.si.edu/s/,2025-11-08,Noyes Arts Museum/Gallery,,
Fred Staloff,,,"30 S. Second St., Hammonton, NJ 08037",,Hammonton,NJ,Atlantic,08037,,,,,"July 10 – October 6, 2019",,,/s/Education-Guide-Fred_Staloff.pdf,2025-11-08,Noyes Arts Museum/Gallery,,
"Joe Lugara: “Scrutiny,” 40 Paintings",,,"30 S. Second St., Hammonton, NJ 08037",,Hammonton,NJ,Atlantic,08037,,,,,"July 10 - September 29, 2023",,,https://noyesmuseum.org/s/Scrutiny_Hammonton_EdGuide.pdf,2025-11-08,Noyes Arts Museum/Gallery,,
ArtC presents Clique22,,,"30 S. Second St., Hammonton, NJ 08037",,Hammonton,NJ,Atlantic,08037,,,,,"July 11 – October 7, 2022",,,https://noyesmuseum.org/s/Education-Guide_ArtC_Clique2022.pdf,2025-11-08,Noyes Arts Museum/Gallery,,
Alan Willoughby,,,"30 S. Second St., Hammonton, NJ 08037",,Hammonton,NJ,Atlantic,08037,,,,,"July 12 – October 7, 2022",,,http://www.artsgarageac.com/s/Ed-Gd_AlanWilloughby_EducationGuide_.pdf,2025-11-08,Noyes Arts Museum/Gallery,,
Pine Shores Art Association,,,"30 S. Second St., Hammonton, NJ 08037",30 S. Second St,Hammonton,NJ,Atlantic,08037,,,,,"July 13 - September 23, 2018",,,https://www.pineshoresartassociation.org/; https://noyesmuseum.org/s/Pine-Shores-Seaview-Ed-Guide-final-lt2a.pdf,2025-11-08,Noyes Arts Museum/Gallery,,
Fantastic Journeys: Access Program Student Art Exhibition,Art & Artists,Student Art; Education,"3 South Mountain Ave. Montclair, NJ 07042",3 South Mountain Ave,Montclair,NJ,Essex,07042,,,NA,,"July 17 - September 21, 2025",,,https://www.montclairartmuseum.org/exhibition/fantastic-journeys-access-program-student-art-exhibition,2025-11-08,Montclair Art Museum,,
Shifting Momentum: Noyes Permanent Collection,,,"30 S. Second St., Hammonton, NJ 08037",,Hammonton,NJ,Atlantic,08037,,,,,"July 18, 2023","September 16, 2023",,,2025-11-08,Noyes Arts Museum/Gallery,,
A Divine Journey by Jacqueline Sandro-Greenwell & James Greenwell,,,"30 S. Second St., Hammonton, NJ 08037",,Hammonton,NJ,Atlantic,08037,,,,,"July 19 - December 1, 2018",,,https://noyesmuseum.org/s/JackieJimSandroGreenwellEducationGuide.pdf; https://jsandrogreenwell.weebly.com/,2025-11-08,Noyes Arts Museum/Gallery,,
A Taste of Culture Pop-Up Exhibit,,,"30 S. Second St., Hammonton, NJ 08037",,Hammonton,NJ,Atlantic,08037,,,,,"July 2- September 26, 2021",,,https://noyesmuseum.org/s/Education-Guide_Peru.pdf,2025-11-08,Noyes Arts Museum/Gallery,,
Abhijeet Shrivastava,,,"30 S. Second St., Hammonton, NJ 08037",,Hammonton,NJ,Atlantic,08037,,,,,July 2023 / Noyes Arts Garage,,,https://noyesmuseum.org/s/Education-Guide_Abhijeet_Shrivastava_2024.pdf; https://www.abhijeetshrivastava.com/; https://www.youtube.com/watch?v=U2pklQuu_ro&feature=youtu.be; https://nam04.safelinks.protection.outlook.com/?url=https%3A%2F%2Fyoutu.be%2FEhllJN1ap0U&data=05%7C02%7CDanielle.Jonas%40stockton.edu%7C0e2fdf84f48e48851f1c08dca42048c8%7C7a0f20a75f194896b0020795dfe7de55%7C0%7C0%7C638565705780484264%7CUnknown%7CTWFpbGZsb3d8eyJWIjoiMC4wLjAwMDAiLCJQIjoiV2luMzIiLCJBTiI6Ik1haWwiLCJXVCI6Mn0%3D%7C0%7C%7C%7C&sdata=PUkw%2B04HWFkqlIfpnUW%2FqP9TOqnQ5z1mbDOFI6%2Bl4do%3D&reserved=0,2025-11-08,Noyes Arts Museum/Gallery,,
The Art of Storytelling,,,"30 S. Second St., Hammonton, NJ 08037",,Hammonton,NJ,Atlantic,08037,,,,,"July 5 - September 29, 2024",,,https://www.leeway.org/artists/christina_e_johnson/; https://www.elsawachs.com/; https://www.lindadubingarfield.com/; https://www.feltedstones.com/; https://www.sandineimanlovitz.com/; https://susanleonardquilts.com/; https://valettaartist.com/,2025-11-08,Noyes Arts Museum/Gallery,,
Mari Yony Lopez Marulanda,,,"30 S. Second St., Hammonton, NJ 08037",,Hammonton,NJ,Atlantic,08037,,,,,"July 5 - September 29, 2024",,,http://noyesmuseum.org/s/Maria-Yony-Lopez-Marulanda-Ed-Guide_.pdf,2025-11-08,Noyes Arts Museum/Gallery,,
Noyes Artist Members Showcase,,,"30 S. Second St., Hammonton, NJ 08037",,Hammonton,NJ,Atlantic,08037,,,,,"July 7 - August 27, 2017",,,https://noyesmuseum.org/s/NoyesArtistMemberShowcase_2025_EducationGuide-srcy.pdf,2025-11-08,Noyes Arts Museum/Gallery,,
Casey Cuff,,,"30 S. Second St., Hammonton, NJ 08037",,Hammonton,NJ,Atlantic,08037,,,,,"July 7 - September 19, 2025",,,http://noyesmuseum.org/s/Casey-Cuff-Ed-Guide.pdf,2025-11-08,Noyes Arts Museum/Gallery,,
Donna Dodson,,,"30 S. Second St., Hammonton, NJ 08037",,Hammonton,NJ,Atlantic,08037,,,,,"June 1 - July 2, 2017",,,http://www.artsgarageac.com/s/Donna-Dodson-Ed-Guide-New.pdf,2025-11-08,Noyes Arts Museum/Gallery,,
iPadology/Abstract Impressions/AI: Mansa K. Mussa,Art & Artists,Digital Art; Contemporary Art,"3 South Mountain Ave. Montclair, NJ 07042",3 South Mountain Ave,Montclair,NJ,Essex,07042,,,Collage works by MAM instructor Mansa K. Mussa,,"June 13 - September 23, 2018",,,https://www.montclairartmuseum.org/exhibition/ipadologyabstract-impressionsai-mansa-k-mussa,2025-11-08,Montclair Art Museum,,
Wood Engravers’ Network Fifth Triennial Exhibition,Art & Artists,Printmaking; Contemporary Art,"Lower Art Gallery, 101 Vera King Farris Drive, Galloway, NJ 08205",,Galloway,NJ,Atlantic,08205,,,,,"June 14, 2024","June 28, 2024",,https://stockton.edu/art,2025-11-08,Stockton Art Gallery,,
NJ State Teen Arts Festival Touring Exhibit,,,"30 S. Second St., Hammonton, NJ 08037",,Hammonton,NJ,Atlantic,08037,,,,,"June 17 – July 26, 2024",,,,2025-11-08,Noyes Arts Museum/Gallery,,
2018 Signature Artist’s Exhibition,,,"30 S. Second St., Hammonton, NJ 08037",,Hammonton,NJ,Atlantic,08037,,,,,"June 18 - August 24, 2025",,,https://noyes-museum.squarespace.com/s/Ed-Gd_2018-Signature-Ed-Guide-1.pdf,2025-11-08,Noyes Arts Museum/Gallery,,
Radiant Visions: Access Program Student Exhibition,Art & Artists,Student Art; Education,"3 South Mountain Ave. Montclair, NJ 07042",3 South Mountain Ave,Montclair,NJ,Essex,07042,,,celebrating the creative achievements of students studying studio art in MAM's Access Program,,"June 18 - September 2, 2018",,,https://www.montclairartmuseum.org/exhibition/radiant-visions-access-program-student-exhibition,2025-11-08,Montclair Art Museum,,
A Taste of Culture Pop-Up Exhibit LGBTQ+ Month,,,"30 S. Second St., Hammonton, NJ 08037",,Hammonton,NJ,Atlantic,08037,,,,,"June 2, 2022","July 3, 2022",,https://noyesmuseum.org/s/Pride-Month-Education-Guide.pdf,2025-11-08,Noyes Arts Museum/Gallery,,
A.J. Rudisill,,,"30 S. Second St., Hammonton, NJ 08037",,Hammonton,NJ,Atlantic,08037,,,,,June 2023 / Noyes Arts Garage,,,http://noyesmuseum.org/s/Ed-Gd_AJ-Rudisill-Final-Ed-Guide-1.pdf,2025-11-08,Noyes Arts Museum/Gallery,,
Access to Art Exhibition,,,"30 S. Second St., Hammonton, NJ 08037",,Hammonton,NJ,Atlantic,08037,,,,,"June 29 - September 30, 2018",,,,2025-11-08,Noyes Arts Museum/Gallery,,
Noyes Artist Member Highlight:,,,"30 S. Second St., Hammonton, NJ 08037",,Hammonton,NJ,Atlantic,08037,,,,,"June 29, 2025",,,https://static1.squarespace.com/static/5773dd3b59cc68b348670d8c/t/60c0efcd8522ad5f27a81f7f/1623257037765/ArtistMemberHighlight_GerogeMattei_EducationGuide.pdf,2025-11-08,Noyes Arts Museum/Gallery,,
AC GRIT,,,"30 S. Second St., Hammonton, NJ 08037",,Hammonton,NJ,Atlantic,08037,,,,,"June 3 - July 4, 2021",,,https://noyesmuseum.org/s/ACGrit_EducationGuide.pdf,2025-11-08,Noyes Arts Museum/Gallery,,
Soul Shots Portrait Project,,,"30 S. Second St., Hammonton, NJ 08037",,Hammonton,NJ,Atlantic,08037,,,,,"June 30 - September 24, 2023",,,https://noyesmuseum.org/s/SoulsShotPortraitProject_EducationGuide.pdf,2025-11-08,Noyes Arts Museum/Gallery,,
Drag is not a Crime,,,"30 S. Second St., Hammonton, NJ 08037",,Hammonton,NJ,Atlantic,08037,,,,,"June 30 - September 24, 2023",,,https://www.podbean.com/media/share/pb-se7gz-168ef88?utm_campaign=wl_i_share_ep&utm_medium=dlink&utm_source=wl_i_share,2025-11-08,Noyes Arts Museum/Gallery,,
Advocacy Quilts,,,"30 S. Second St., Hammonton, NJ 08037",,Hammonton,NJ,Atlantic,08037,,,,,"June 4 - September 29, 2024",,,,2025-11-08,Noyes Arts Museum/Gallery,,
Margery Amdur,,,"30 S. Second St., Hammonton, NJ 08037",,Hammonton,NJ,Atlantic,08037,,,,,"June 6 - September 7, 2014",,,,2025-11-08,Noyes Arts Museum/Gallery,,
Washington Avenue Elementary,,,"30 S. Second St., Hammonton, NJ 08037",,Hammonton,NJ,Atlantic,08037,,,,,"June 7 - September 8, 2013",,,,2025-11-08,Noyes Arts Museum/Gallery,,
"A Taste of Culture Pop-Up Exhibit, Republic of Ghana, West Africa",,,"30 S. Second St., Hammonton, NJ 08037",,Hammonton,NJ,Atlantic,08037,,,,,"June 8 - July 19, 2018",,,/s/Education-Guide_Multicultural_March2023.pdf; /s/Ghana-Multi-Facts.pdf,2025-11-08,Noyes Arts Museum/Gallery,,
(RE)IMAGINE(D),Art & Artists,Contemporary Art; Multidisciplinary,"3 South Mountain Ave. Montclair, NJ 07042",3 South Mountain Ave,Montclair,NJ,Essex,07042,,,MAM's newest student exhibition.,,"March 1 – March 15, 2023",,,https://www.montclairartmuseum.org/exhibition/reimagined,2025-11-08,Montclair Art Museum,,
Drew Griffiths - Solo Exhibition,,,"30 S. Second St., Hammonton, NJ 08037",,Hammonton,NJ,Atlantic,08037,,,,,"March 1, 2023","April 23, 2023",,https://www.drewgriffithsart.com/; http://noyesmuseum.org/s/DrewGriffithsEducationGuide-27sj.pdf; http://noyesmuseum.org/s/Drew-Griffiths_Online-Exhibition_2020.pdf,2025-11-08,Noyes Arts Museum/Gallery,,
Tali Margolin,,,"30 S. Second St., Hammonton, NJ 08037",,Hammonton,NJ,Atlantic,08037,,,,,"March 11 - November 1, 2020",,,https://www.talimargolin.com/; /s/Education-Guide_Tali_Margolin-x3lr.pdf; /s/Tali_Margolin_Online-Exhibition_-a2c5.pdf,2025-11-08,Noyes Arts Museum/Gallery,,
Chuck Law,,,"30 S. Second St., Hammonton, NJ 08037",,Hammonton,NJ,Atlantic,08037,,,,,"March 12 - September 11, 2020",,,https://noyesmuseum.org/s/Education-Guide_ChuckLaw_Seaview-Resort_.pdf,2025-11-08,Noyes Arts Museum/Gallery,,
Estell Empire:,,,"30 S. Second St., Hammonton, NJ 08037",,Hammonton,NJ,Atlantic,08037,,,,,"March 13 - May 30, 2021",,,http://noyesmuseum.org/s/Education-Guide_Estell-Empire-Overview.pdf; http://noyesmuseum.org/s/Education-Guide_Estell-Empire_extended.pdf; http://noyesmuseum.org/s/Estell-Empire-Land-Deals_Kaitlyn-OMalley_Noyes-Intern.pdf; http://noyesmuseum.org/online-estell-sightseeing-tour; https://www.youtube.com/watch?v=7rs6bZgqJM0; https://www.youtube.com/watch?t=1s&v=Ed99RqYRUqc,2025-11-08,Noyes Arts Museum/Gallery,,
Mina Cheon,,,"30 S. Second St., Hammonton, NJ 08037",,Hammonton,NJ,Atlantic,08037,,,,,"March 13, 2020 - January 8, 2021",,,http://www.minacheon.com/; http://noyesmuseum.org/s/Mina_Cheon_Ed_Guide.pdf,2025-11-08,Noyes Arts Museum/Gallery,,
Meryl McMaster: Chronologies,Art & Artists,Contemporary Art; Photography,"3 South Mountain Ave. Montclair, NJ 07042",3 South Mountain Ave,Montclair,NJ,Essex,07042,,,Site-specific narrative photography that disrupts time.,,"March 17 - June 24, 2018",,,https://www.montclairartmuseum.org/exhibition/meryl-mcmaster-chronologies,2025-11-08,Montclair Art Museum,,
Ed Kashi: Abandoned Moments,Art & Artists,Photography; Social Documentary,"3 South Mountain Ave. Montclair, NJ 07042",3 South Mountain Ave,Montclair,NJ,Essex,07042,,,"Comprehensive collection of photographs by renowned photojournalist, Ed Kashi",,"March 18, 2023","October 15, 2023",,https://www.montclairartmuseum.org/exhibition/ed-kashi-abandoned-moments,2025-11-08,Montclair Art Museum,,
Ocean City Fine Arts League Spotlight Exhibition,,,"30 S. Second St., Hammonton, NJ 08037",,Hammonton,NJ,Atlantic,08037,,,,,"March 22, 2024","May 19, 2024",,https://nam04.safelinks.protection.outlook.com/?url=http%3A%2F%2Fwww.oceancityfineartsleague.org%2F&data=05%7C02%7CJenavieve.Coulon%40stockton.edu%7Cd3dde708a7af415e8fc208dd575e09b1%7C7a0f20a75f194896b0020795dfe7de55%7C0%7C0%7C638762783661392567%7CUnknown%7CTWFpbGZsb3d8eyJFbXB0eU1hcGkiOnRydWUsIlYiOiIwLjAuMDAwMCIsIlAiOiJXaW4zMiIsIkFOIjoiTWFpbCIsIldUIjoyfQ%3D%3D%7C0%7C%7C%7C&sdata=Smotc5YsPMthedrfiS9kAFzS9J3mHSMQuzQsFY4UHRA%3D&reserved=0; https://noyesmuseum.org/s/OCFA2025_EdGuide.pdf,2025-11-08,Noyes Arts Museum/Gallery,,
Steve Kuzma,,,"30 S. Second St., Hammonton, NJ 08037",,Hammonton,NJ,Atlantic,08037,,,,,"March 24 - July 13, 2025",,,http://noyesmuseum.org/s/Kuzma.pdf,2025-11-08,Noyes Arts Museum/Gallery,,
Hammonton: 150 Years of Industry,,,"30 S. Second St., Hammonton, NJ 08037",,Hammonton,NJ,Atlantic,08037,,,,,March 3 - June 11,,,https://noyes-museum.squarespace.com/s/Hammonton-History_Artists_Ed-Guide-1.pdf; https://noyes-museum.squarespace.com/s/Hammonton-History_150-Years-of-Industry_Ed-Guide.pdf,2025-11-08,Noyes Arts Museum/Gallery,,
Jack Knight,,,"30 S. Second St., Hammonton, NJ 08037",,Hammonton,NJ,Atlantic,08037,,,,,"March 7 - August 8, 2016",,,https://nam04.safelinks.protection.outlook.com/?url=https%3A%2F%2Fwww.artistjackknight.com%2F&data=05%7C02%7CSarah.Lacy%40stockton.edu%7Ce2db1c858a01477ff9f108dd6b07f0de%7C7a0f20a75f194896b0020795dfe7de55%7C0%7C0%7C638784404094701615%7CUnknown%7CTWFpbGZsb3d8eyJFbXB0eU1hcGkiOnRydWUsIlYiOiIwLjAuMDAwMCIsIlAiOiJXaW4zMiIsIkFOIjoiTWFpbCIsIldUIjoyfQ%3D%3D%7C0%7C%7C%7C&sdata=z4UBIi5sum18kXnHXFEkew6d7WUnDF%2BpG54hFqR5Caw%3D&reserved=0; https://noyes-museum.squarespace.com/s/OntarioSeriesbyJackKnight_EducationGuide_2025.pdf,2025-11-08,Noyes Arts Museum/Gallery,,
Kimisha Turner,,,"30 S. Second St., Hammonton, NJ 08037",,Hammonton,NJ,Atlantic,08037,,,,,"May 10 - August 10, 2025",,,https://www.kimishaturner.com/; https://noyes-museum.squarespace.com/s/CarbonbyKimishaTurner_EducationGuide_May2025.pdf,2025-11-08,Noyes Arts Museum/Gallery,,
Michael Terenik,,,"30 S. Second St., Hammonton, NJ 08037",,Hammonton,NJ,Atlantic,08037,,,,,"May 10 - August 10, 2025",,,https://noyesmuseum.org/s/MichaelTerenik_Educational-Guide-for-Seaview.pdf,2025-11-08,Noyes Arts Museum/Gallery,,
Art in Bloom: Pop-Up Floral Exhibition,Art & Artists,Floral Art; Public Programs,"3 South Mountain Ave. Montclair, NJ 07042",3 South Mountain Ave,Montclair,NJ,Essex,07042,,,A pop-up floral exhibition takes over the galleries for five days only,,"May 12 - August 7, 2022",,,https://www.montclairartmuseum.org/exhibition/art-bloom-pop-floral-exhibition,2025-11-08,Montclair Art Museum,,
A Shared Love: Treasures of American Painting (1878-1919) from the Carol and Terry Wall Collection,Art & Artists,American Art; Collection Development,"3 South Mountain Ave. Montclair, NJ 07042",3 South Mountain Ave,Montclair,NJ,Essex,07042,,,NA,,"May 15, 2024","May 19, 2024",,https://www.montclairartmuseum.org/exhibition/shared-love-treasures-american-painting-1878-1919-carol-and-terry-wall-collection,2025-11-08,Montclair Art Museum,,
Fred Noyes,,,"30 S. Second St., Hammonton, NJ 08037",,Hammonton,NJ,Atlantic,08037,,,,,"May 15, 2024","February 16, 2025",,http://noyesmuseum.org/s/1-Fred-Noyes-Paintings-1.pdf,2025-11-08,Noyes Arts Museum/Gallery,,
Clay In Mind - Student Pop Up Exhibit,,,"30 S. Second St., Hammonton, NJ 08037",,Hammonton,NJ,Atlantic,08037,,,,,"May 18 - August 22, 2017",,,,2025-11-08,Noyes Arts Museum/Gallery,,
The Dean's Showcase,Art & Artists,Faculty Art; Contemporary Art,"Lower Art Gallery, 101 Vera King Farris Drive, Galloway, NJ 08205",,Galloway,NJ,Atlantic,08205,,,,,"May 18 – June 21, 2025",,,https://stockton.edu/art,2025-11-08,Stockton Art Gallery,,
S,,,"30 S. Second St., Hammonton, NJ 08037",,Hammonton,NJ,Atlantic,08037,,,,,"May 19 - August 1, 2025",,,https://noyesmuseum.org/s/SJReflections_EdGuide.docx,2025-11-08,Noyes Arts Museum/Gallery,,
Kevin Labadie,,,"30 S. Second St., Hammonton, NJ 08037",,Hammonton,NJ,Atlantic,08037,,,,,"May 2 - July 28, 2024",,,http://www.kevinlabadie.com/,2025-11-08,Noyes Arts Museum/Gallery,,
Erica Tamburello,,,"30 S. Second St., Hammonton, NJ 08037",,Hammonton,NJ,Atlantic,08037,,,,,"May 22 - September 27, 2015",,,https://ericatamburello.com/,2025-11-08,Noyes Arts Museum/Gallery,,
Amanda Garrell,,,"30 S. Second St., Hammonton, NJ 08037",,Hammonton,NJ,Atlantic,08037,,,,,"May 23 - June 23, 2019",,,https://www.amandagarrellart.com/,2025-11-08,Noyes Arts Museum/Gallery,,
Clay In Mind,,,"30 S. Second St., Hammonton, NJ 08037",,Hammonton,NJ,Atlantic,08037,,,,,"May 23 - June 23, 2019",,,https://noyesmuseum.org/s/Clay-In-Mind-Education-Guide.pdf,2025-11-08,Noyes Arts Museum/Gallery,,
Long Live the Drag Queen: Paintings by Janet Boltax,Art & Artists,Contemporary Art; LGBTQ+ Art,"3 South Mountain Ave. Montclair, NJ 07042",3 South Mountain Ave,Montclair,NJ,Essex,07042,,,Portrait paintings by MAM instructor Janet Boltax,,"May 24, 2023 – June 17, 2023",,,https://www.montclairartmuseum.org/exhibition/long-live-drag-queen-paintings-janet-boltax,2025-11-08,Montclair Art Museum,,
HIP 2B - Plein-Air Twelve,,,"30 S. Second St., Hammonton, NJ 08037",,Hammonton,NJ,Atlantic,08037,,,,,"May 24, 2024","June 30, 2024",,https://noyesmuseum.org/s/SouthJersey12_Educational-Guide-for-Seaview.pdf,2025-11-08,Noyes Arts Museum/Gallery,,
"Dr. Martin Luther King, Jr. School",,,"30 S. Second St., Hammonton, NJ 08037",,Hammonton,NJ,Atlantic,08037,,,,,"May 25 - September 10, 2023",,,,2025-11-08,Noyes Arts Museum/Gallery,,
Summerlands: Noyes Collection,,,"30 S. Second St., Hammonton, NJ 08037",,Hammonton,NJ,Atlantic,08037,,,,,"May 4 - May 30, 2018",,,http://noyesmuseum.org/s/Summerlands_GalleryGuide.pdf,2025-11-08,Noyes Arts Museum/Gallery,,
2017 Plein-Air Exhibition,,,"30 S. Second St., Hammonton, NJ 08037",,Hammonton,NJ,Atlantic,08037,,,,,"May 5 - August 28, 2016",,,http://noyesmuseum.org/s/1-Paint-Hammonton-Plein-Air-Education-Guide.pdf,2025-11-08,Noyes Arts Museum/Gallery,,
From My Home to Yours: Caroline Monnet and Laura Ortman,Art & Artists,Contemporary Art; Multidisciplinary,"3 South Mountain Ave. Montclair, NJ 07042",3 South Mountain Ave,Montclair,NJ,Essex,07042,,,NA,,"May 6 - July 30, 2017",,,https://www.montclairartmuseum.org/exhibition/FromMyHomeToYours,2025-11-08,Montclair Art Museum,,
Youth Bias Task Force Student Art Exhibition,Art & Artists,Student Art; Social Themes,"3 South Mountain Ave. Montclair, NJ 07042",3 South Mountain Ave,Montclair,NJ,Essex,07042,,,MAM is partnering with the New Jersey Division on Civil Rights to exhibit 45 artworks,,"May 7, 2022","January 1, 2023",,https://www.montclairartmuseum.org/exhibition/youth-bias-task-force-student-art-exhibition-0,2025-11-08,Montclair Art Museum,,
Susan Eldridge Ward,,,"30 S. Second St., Hammonton, NJ 08037",,Hammonton,NJ,Atlantic,08037,,,,,"May 7, 2023","June 18, 2023",,https://www.susaneward.com/; https://noyes-museum.squarespace.com/s/Sue-Ward-Ed-Guide.pdf,2025-11-08,Noyes Arts Museum/Gallery,,
NJ State Teen Arts Touring Visual Arts Exhibition,,,"30 S. Second St., Hammonton, NJ 08037",,Hammonton,NJ,Atlantic,08037,,,,,"November 10 - December 31, 2017",,,,2025-11-08,Noyes Arts Museum/Gallery,,
Joel Meyerowitz: Photographs from Cape Cod (1976-1987),Art & Artists,Photography; Landscape,"3 South Mountain Ave. Montclair, NJ 07042",3 South Mountain Ave,Montclair,NJ,Essex,07042,,,"Photograps taken by Joel Meyerowitz at Cape Cod, MA.",,"November 11 - December 16, 2022",,,https://www.montclairartmuseum.org/exhibition/joel-meyerowitz-photographs-cape-cod-1976-1987,2025-11-08,Montclair Art Museum,,
Linette Childs,,,"30 S. Second St., Hammonton, NJ 08037",,Hammonton,NJ,Atlantic,08037,,,,,"November 11, 2023","April 7, 2024",,https://noyesmuseum.org/s/Education-Guide_Linette-Childs.docx,2025-11-08,Noyes Arts Museum/Gallery,,
Kevin Husta,,,"30 S. Second St., Hammonton, NJ 08037",,Hammonton,NJ,Atlantic,08037,,,,,"November 14, 2022 - January 2, 2023",,,http://noyesmuseum.org/s/Kevin-Husta_Ed-Guide-3ezk.pdf,2025-11-08,Noyes Arts Museum/Gallery,,
Tracing Community,,,"30 S. Second St., Hammonton, NJ 08037",,Hammonton,NJ,Atlantic,08037,,,,,"November 2, 2017 - March 25, 2018",,,http://tracing-community.blogspot.com/p/installation-photographs.html,2025-11-08,Noyes Arts Museum/Gallery,,
Access to Art Pop-Up Exhibition,,,"30 S. Second St., Hammonton, NJ 08037",,Hammonton,NJ,Atlantic,08037,,,,,"November 21, 2019 - February 29, 2020",,,,2025-11-08,Noyes Arts Museum/Gallery,,
Peg Dittmar,,,"30 S. Second St., Hammonton, NJ 08037",,Hammonton,NJ,Atlantic,08037,,,,,"November 24, 2024",,,https://noyes-museum.squarespace.com/s/PegDittmar_EducationGuide.pdf; https://noyes-museum.squarespace.com/s/DittmarExhibition_Web.pdf,2025-11-08,Noyes Arts Museum/Gallery,,
Associate Artist Members Exhibition,,,"30 S. Second St., Hammonton, NJ 08037",,Hammonton,NJ,Atlantic,08037,,,,,"November 4, 2021 - January 9, 2022",,,http://noyesmuseum.org/s/Associate_Artist_Exhibition_2019_Ed_Guide.pdf,2025-11-08,Noyes Arts Museum/Gallery,,
Homegrown Expressions: Artist Members Unveiled,,,"30 S. Second St., Hammonton, NJ 08037",,Hammonton,NJ,Atlantic,08037,,,,,"November 6, 2019 - January 6, 2020",,,https://noyesmuseum.org/s/HomegrownExpression_EducationGuide_2024.pdf,2025-11-08,Noyes Arts Museum/Gallery,,
2017 Associate Artist Exhibition,,,"30 S. Second St., Hammonton, NJ 08037",,Hammonton,NJ,Atlantic,08037,,,,,"November 6, 2024 - January 10, 2025",,,http://noyesmuseum.org/s/2016-Associate-Artist-Ed-Guide.pdf,2025-11-08,Noyes Arts Museum/Gallery,,
Vintage Waterfowl Decoys: America’s First Folk Art,,,"30 S. Second St., Hammonton, NJ 08037",,Hammonton,NJ,Atlantic,08037,,,,,"November 9, 2016 - January 15, 2017",,,,2025-11-08,Noyes Arts Museum/Gallery,,
NJ State Teen Arts Festival Pop-Up Exhibit,,,"30 S. Second St., Hammonton, NJ 08037",,Hammonton,NJ,Atlantic,08037,,,,,Noyes Permanent Collections,,,,2025-11-08,Noyes Arts Museum/Gallery,,
Growing American:,,,"30 S. Second St., Hammonton, NJ 08037",,Hammonton,NJ,Atlantic,08037,,,,,"October 1 - November 8, 2024",,,https://noyesmuseum.org/s/GrowingAmerican_EducationGuide.pdf; https://youtu.be/ncneXHRaRsw; https://youtu.be/Lim4RhlnRzc; https://noyes-museum.squarespace.com/s/Trials-and-Tribulations-by-Louis-Mounier-Draft-for-exhib.pdf,2025-11-08,Noyes Arts Museum/Gallery,,
Danielle Cartier,,,"30 S. Second St., Hammonton, NJ 08037",,Hammonton,NJ,Atlantic,08037,,,,,"October 1, 2021 - February 4, 2022",,,http://www.artsgarageac.com/s/Danielle-Cartier-Education-Guide.pdf; https://www.daniellecartier.net/,2025-11-08,Noyes Arts Museum/Gallery,,
Stuart Lehrman,,,"30 S. Second St., Hammonton, NJ 08037",,Hammonton,NJ,Atlantic,08037,,,,,"October 11 - November 10, 2019",,,https://noyes-museum.squarespace.com/s/Stuart-Lehrman-Ed-Guide_02.pdf; https://www.stuartlehrman.com/,2025-11-08,Noyes Arts Museum/Gallery,,
Gary Erbe,,,"30 S. Second St., Hammonton, NJ 08037",,Hammonton,NJ,Atlantic,08037,,,,,"October 11, 2019 - January 2, 2020",,,https://noyesmuseum.org/s/Gary-Erbe-Education-Guide.pdf; https://www.youtube.com/watch?v=XSpZZ1be4uA,2025-11-08,Noyes Arts Museum/Gallery,,
Souls of Black Folk: Lavett Ballard,,,"30 S. Second St., Hammonton, NJ 08037",,Hammonton,NJ,Atlantic,08037,,,,,"October 12, 2023 - January 26, 2024",,,https://noyes-museum.squarespace.com/s/Education-Guide_The-Souls-of-Black-Folk-Lavett-Ballard-Exhibition_KH-e6hb.pdf; https://noyes-museum.squarespace.com/s/Education-Guide_The-Souls-of-Black-Folk-Lavett-Ballard-Exhibition_KH.pdf; https://www.lavettbeart.com/,2025-11-08,Noyes Arts Museum/Gallery,,
Abelardo Morell: Projecting Italy,Art & Artists,Photography; Contemporary Art,"3 South Mountain Ave. Montclair, NJ 07042",3 South Mountain Ave,Montclair,NJ,Essex,07042,,,NA,,"October 15, 2019 - January 6, 2020",,,https://www.montclairartmuseum.org/exhibition/abelardo-morell-projecting-italy,2025-11-08,Montclair Art Museum,,
Michael Lenson,,,"30 S. Second St., Hammonton, NJ 08037",,Hammonton,NJ,Atlantic,08037,,,,,"October 15, 2022","February 12, 2023",,http://www.michaellenson.org/,2025-11-08,Noyes Arts Museum/Gallery,,
Noyes Artist Members 2021,,,"30 S. Second St., Hammonton, NJ 08037",,Hammonton,NJ,Atlantic,08037,,,,,"October 2, 2015 - January 10, 2016",,,https://noyesmuseum.org/s/Education-Guide_Noyes_Artist_Members_2021_FINAL.pdf,2025-11-08,Noyes Arts Museum/Gallery,,
Korean Lantern Exhibition,,,"30 S. Second St., Hammonton, NJ 08037",,Hammonton,NJ,Atlantic,08037,,,,,"October 2, 2021 - January 2, 2022",,,https://noyes-museum-ccxl.squarespace.com/s/Korean-Lantern-Ed-guide_01.pdf,2025-11-08,Noyes Arts Museum/Gallery,,
Lilt: Philadelphia Sculptors,,,"30 S. Second St., Hammonton, NJ 08037",,Hammonton,NJ,Atlantic,08037,,,,,"October 20 - December 1, 2018",,,https://noyesmuseum.org/s/Education-Guide_Lilt2022.docx; https://noyesmuseum.org/s/Award-Winners.pdf,2025-11-08,Noyes Arts Museum/Gallery,,
Janet Sullivan Turner,,,"30 S. Second St., Hammonton, NJ 08037",,Hammonton,NJ,Atlantic,08037,,,,,"October 20, 2022 - January 20, 2023",,,,2025-11-08,Noyes Arts Museum/Gallery,,
Vibrant Pastels: Through the Artist’s Eye,Art & Artists,Pastel Art; Contemporary Art,"3 South Mountain Ave. Montclair, NJ 07042",3 South Mountain Ave,Montclair,NJ,Essex,07042,,,MAM student art show,,"October 3 - January 18, 2015",,,https://www.montclairartmuseum.org/exhibition/vibrant-pastels-through-artists-eye,2025-11-08,Montclair Art Museum,,
Cheryl Patton Wu: A View from Home,,,"30 S. Second St., Hammonton, NJ 08037",,Hammonton,NJ,Atlantic,08037,,,,,"October 3, 2023","November 12, 2023",,https://noyesmuseum.org/s/CherylPattonWu_EducationGuide.pdf,2025-11-08,Noyes Arts Museum/Gallery,,
David French,,,"30 S. Second St., Hammonton, NJ 08037",,Hammonton,NJ,Atlantic,08037,,,,,"October 3, 2024 - January 5, 2025",,,/s/David_French_EdGuide_01-1.docx,2025-11-08,Noyes Arts Museum/Gallery,,
Peter Murphy & Michael McGarvey,,,"30 S. Second St., Hammonton, NJ 08037",,Hammonton,NJ,Atlantic,08037,,,,,"October 4 - December 10, 2018",,,,2025-11-08,Noyes Arts Museum/Gallery,,
Ron Ross Cohen,,,"30 S. Second St., Hammonton, NJ 08037",,Hammonton,NJ,Atlantic,08037,,,,,"October 4 - December 10, 2018",,,,2025-11-08,Noyes Arts Museum/Gallery,,
Society of New Jersey Artists,,,"30 S. Second St., Hammonton, NJ 08037",,Hammonton,NJ,Atlantic,08037,,,,,"October 4 - December 10, 2018",,,https://noyesmuseum.org/s/SocietyNJArtists_EdGuide.pdf,2025-11-08,Noyes Arts Museum/Gallery,,
Bill Parker and Renée Leopardi,,,"30 S. Second St., Hammonton, NJ 08037",,Hammonton,NJ,Atlantic,08037,,,,,"October 4 - October 29, 2023",,,http://noyesmuseum.org/s/Education-Guide_Shore-Medical_Parker_Leopardi.pdf,2025-11-08,Noyes Arts Museum/Gallery,,
Brooke Lanier,,,"30 S. Second St., Hammonton, NJ 08037",,Hammonton,NJ,Atlantic,08037,,,,,"October 4, 2019 - January 5, 2020",,,/s/Lanier-Brooke-Ed-Guide-Updated-lrly.pdf,2025-11-08,Noyes Arts Museum/Gallery,,
Daniel D’Auria,,,"30 S. Second St., Hammonton, NJ 08037",,Hammonton,NJ,Atlantic,08037,,,,,"October 5 - November 29, 2018",,,https://www.danieldauria.com/Galleries; https://noyesmuseum.org/s/Education-Guide_Daniel_DAuria_Seaview-Resort.pdf,2025-11-08,Noyes Arts Museum/Gallery,,
New Acquisitions: Jeremy Dennis,Art & Artists,Contemporary Art; Photography,"3 South Mountain Ave. Montclair, NJ 07042",3 South Mountain Ave,Montclair,NJ,Essex,07042,,,NA,,"October 6, 2020 - February 28, 2021",,,https://www.montclairartmuseum.org/exhibition/new-acquisitions-jeremy-dennis,2025-11-08,Montclair Art Museum,,
Chanelle René,,,"30 S. Second St., Hammonton, NJ 08037",,Hammonton,NJ,Atlantic,08037,,,,,"October 7, 2022","December 3, 2023",,https://nam04.safelinks.protection.outlook.com/?url=https%3A%2F%2Fchanellerene.com%2F&data=05%7C02%7CJenavieve.Coulon%40stockton.edu%7C655b25326aa54860bcc708dca5c8483f%7C7a0f20a75f194896b0020795dfe7de55%7C0%7C0%7C638567526854819138%7CUnknown%7CTWFpbGZsb3d8eyJWIjoiMC4wLjAwMDAiLCJQIjoiV2luMzIiLCJBTiI6Ik1haWwiLCJXVCI6Mn0%3D%7C0%7C%7C%7C&sdata=bwplqtJZ8wseBIo%2FBheDCogKGjlTQygJNKGlLgsLGxo%3D&reserved=0; https://nam04.safelinks.protection.outlook.com/?url=http%3A%2F%2Finstagram.com%2Fbeingchanellerene&data=05%7C02%7CJenavieve.Coulon%40stockton.edu%7C655b25326aa54860bcc708dca5c8483f%7C7a0f20a75f194896b0020795dfe7de55%7C0%7C0%7C638567526854825164%7CUnknown%7CTWFpbGZsb3d8eyJWIjoiMC4wLjAwMDAiLCJQIjoiV2luMzIiLCJBTiI6Ik1haWwiLCJXVCI6Mn0%3D%7C0%7C%7C%7C&sdata=OC4x%2BfAFKTG7p1GMOsWn2kCaqTqGS2n2EGzxAMfIz70%3D&reserved=0; https://noyes-museum.squarespace.com/s/Education-Guide_Chanelle-Rene_2024.pdf,2025-11-08,Noyes Arts Museum/Gallery,,
Quinton Greene,,,"30 S. Second St., Hammonton, NJ 08037",,Hammonton,NJ,Atlantic,08037,,,,,"October 8 - 29, 2024",,,https://nam04.safelinks.protection.outlook.com/?url=https%3A%2F%2Fwww.facebook.com%2Fgreeneql&data=05%7C02%7CJenavieve.Coulon%40stockton.edu%7C655b25326aa54860bcc708dca5c8483f%7C7a0f20a75f194896b0020795dfe7de55%7C0%7C0%7C638567526854813201%7CUnknown%7CTWFpbGZsb3d8eyJWIjoiMC4wLjAwMDAiLCJQIjoiV2luMzIiLCJBTiI6Ik1haWwiLCJXVCI6Mn0%3D%7C0%7C%7C%7C&sdata=sFHk2ZkHAN1Ekox2pUA%2FT%2BTZgisz%2Bbo0SzScSoFNsig%3D&reserved=0; https://www.podbean.com/wlei/pb-ewk8x-1675fb3; https://noyes-museum.squarespace.com/s/Education-Guide_QuintonGreene_2024.pdf,2025-11-08,Noyes Arts Museum/Gallery,,
2022 Noyes Artist Members Exhibition,,,"30 S. Second St., Hammonton, NJ 08037",,Hammonton,NJ,Atlantic,08037,,,,,"October 8 - 29, 2024",,,https://noyesmuseum.org/s/Education-Guide_Noyes_Artist_Members_2022.docx,2025-11-08,Noyes Arts Museum/Gallery,,
Noyes Artist Members Exhibition: 2020,,,"30 S. Second St., Hammonton, NJ 08037",,Hammonton,NJ,Atlantic,08037,,,,,"October 8, 2022 - January 22, 2023",,,/s/ArtistMember2020EducationGuide_Short.pdf; /s/Education-Guide_Noyes_Artist_Members_2020.pdf; https://static1.squarespace.com/static/56fd4f0d45bf21c39ace2e5b/t/5f9080c31d0b7d74844639d9/1603305673220/ArtistMember2020OnlineExhibition_sm.pdf,2025-11-08,Noyes Arts Museum/Gallery,,
Syd Krochmalny,,,"30 S. Second St., Hammonton, NJ 08037",,Hammonton,NJ,Atlantic,08037,,,,,"October 9, 2020 - January 10, 2021",,,https://www.sydkrochmalny.com/; https://noyesmuseum.org/s/SydKrochmalnyEducationGuide.pdf,2025-11-08,Noyes Arts Museum/Gallery,,
"Still Here! The Powhatan Renape and Nanticoke Lenni-Lenape and Nations of Southern, New Jersey",,,"30 S. Second St., Hammonton, NJ 08037",,Hammonton,NJ,Atlantic,08037,,,,,"October 9, 2020 - March 28, 2021",,,https://heyzine.com/flip-book/08127ae9b6.html,2025-11-08,Noyes Arts Museum/Gallery,,
Landscapes of the Mind,,,"30 S. Second St., Hammonton, NJ 08037",,Hammonton,NJ,Atlantic,08037,,,,,"October 9, 2024 - January 5, 2025",,,https://noyesmuseum.org/s/LandscapesoftheMind_Hammonton_EdGuide-FINAL.pdf,2025-11-08,Noyes Arts Museum/Gallery,,
Historic Ducktown: Traveling Exhibition,,,"30 S. Second St., Hammonton, NJ 08037",,Hammonton,NJ,Atlantic,08037,,,,,Presented by The Regional Center for Women in the Arts,,,https://noyesmuseum.org/s/websiteexhibitDucktown_4.pdf,2025-11-08,Noyes Arts Museum/Gallery,,
Constructing Identity in America (1766–2017),Art & Artists,American Art; Social History,"3 South Mountain Ave. Montclair, NJ 07042",3 South Mountain Ave,Montclair,NJ,Essex,07042,,,"This permanent collection show of more than 80 paintings, sculptures, and works on paper will",,"September 1 - November 14, 2021",,,https://www.montclairartmuseum.org/exhibition/constructing-identity-america-1766-2017,2025-11-08,Montclair Art Museum,,
Inspired by an Object,Art & Artists,Contemporary Art; Material Culture,"3 South Mountain Ave. Montclair, NJ 07042",3 South Mountain Ave,Montclair,NJ,Essex,07042,,,A concurrent exhibition presented by Studio Montclair,,"September 1, 2018","January 5, 2020",,https://www.montclairartmuseum.org/exhibition/inspired-object,2025-11-08,Montclair Art Museum,,
Life and Landscape: Inspired by George Inness,Art & Artists,Landscape Art; American Art,"3 South Mountain Ave. Montclair, NJ 07042",3 South Mountain Ave,Montclair,NJ,Essex,07042,,,NA,,"September 10, 2021","October 15, 2021",,https://www.montclairartmuseum.org/exhibition/life-and-landscape-inspired-george-inness,2025-11-08,Montclair Art Museum,,
WOOLPUNK®: Sunflowers & Graffiti’d Sky in the Garden State,Art & Artists,Fiber Art; Contemporary Art,"3 South Mountain Ave. Montclair, NJ 07042",3 South Mountain Ave,Montclair,NJ,Essex,07042,,,NA,,"September 10, 2022","November 6, 2022",,https://www.montclairartmuseum.org/exhibition/woolpunkr-sunflowers-graffitid-sky-garden-state,2025-11-08,Montclair Art Museum,,
Lori Field: Tiger Tarot,Art & Artists,Contemporary Art; Tarot/Illustration,"3 South Mountain Ave. Montclair, NJ 07042",3 South Mountain Ave,Montclair,NJ,Essex,07042,,,A multidisciplinary exhibition centered on tarot cards.,,"September 10, 2022","July 30, 2023",,https://www.montclairartmuseum.org/exhibition/lori-field-tiger-tarot,2025-11-08,Montclair Art Museum,,
Transformed: Objects Reimagined by American Artists,Art & Artists,Contemporary Art; Material Culture,"3 South Mountain Ave. Montclair, NJ 07042",3 South Mountain Ave,Montclair,NJ,Essex,07042,,,NA,,"September 10, 2022","January 1, 2023",,https://www.montclairartmuseum.org/exhibition/transformed-objects-reimagined-american-artists,2025-11-08,Montclair Art Museum,,
By Our Own Hand,Art & Artists,Contemporary Art; Craft,"3 South Mountain Ave. Montclair, NJ 07042",3 South Mountain Ave,Montclair,NJ,Essex,07042,,,Frontline Arts in collaboration with Donna Bassin,,"September 12, 2021","January 21, 2024",,https://www.montclairartmuseum.org/exhibition/our-own-hand,2025-11-08,Montclair Art Museum,,
Color Riot! How Color Changed Navajo Textiles,Native American History,Textile Art; Cultural Heritage,"3 South Mountain Ave. Montclair, NJ 07042",3 South Mountain Ave,Montclair,NJ,Essex,07042,,,“...vibrant and unrestrained in both color and design.”,,"September 12, 2021","July 17, 2022",,https://www.montclairartmuseum.org/exhibition/color-riot-how-color-changed-navajo-textiles,2025-11-08,Montclair Art Museum,,
George Inness: Works in the Collection,Art & Artists,Landscape Art; American Art,"3 South Mountain Ave. Montclair, NJ 07042",3 South Mountain Ave,Montclair,NJ,Essex,07042,,,NA,,"September 12, 2021","January 2, 2022",,https://www.montclairartmuseum.org/exhibition/george-inness-works-collection,2025-11-08,Montclair Art Museum,,
Victor Grasso,,,"30 S. Second St., Hammonton, NJ 08037",,Hammonton,NJ,Atlantic,08037,,,,,"September 12, 2021","July 3, 2022",,,2025-11-08,Noyes Arts Museum/Gallery,,
Inspired By Family and Community,Art & Artists,Community Art; Cultural Heritage,"3 South Mountain Ave. Montclair, NJ 07042",3 South Mountain Ave,Montclair,NJ,Essex,07042,,,Annual collaborative exhibition with Studio Montclair,,"September 13 - January 5, 2014",,,https://www.montclairartmuseum.org/exhibition/inspired-family-and-community,2025-11-08,Montclair Art Museum,,
Impossible Shadows: The Art of Larry Kagan,Art & Artists,Contemporary Art; Sculpture/Installation,"3 South Mountain Ave. Montclair, NJ 07042",3 South Mountain Ave,Montclair,NJ,Essex,07042,,,Magic happens right before your eyes when you experience the work of artist Larry Kagan,,"September 13, 2024","October 20, 2024",,https://www.montclairartmuseum.org/exhibition/impossible-shadows-art-larry-kagan,2025-11-08,Montclair Art Museum,,
Virgil Ortiz: Odyssey of the Venutian Soldiers,Native American History,Contemporary Art; Cultural Heritage,"3 South Mountain Ave. Montclair, NJ 07042",3 South Mountain Ave,Montclair,NJ,Essex,07042,,,NA,,"September 14, 2019","January 5, 2020",,https://www.montclairartmuseum.org/exhibition/virgil-ortiz-odyssey-venutian-soldiers,2025-11-08,Montclair Art Museum,,
Wilson Mape,,,"30 S. Second St., Hammonton, NJ 08037",,Hammonton,NJ,Atlantic,08037,,,,,"September 14, 2019","March 28, 2021",,/s/Mape-Educational-Guide.pdf,2025-11-08,Noyes Arts Museum/Gallery,,
Kara Walker: Virginia's Lynch Mob and Other Works,African American History,Contemporary Art; Social History,"3 South Mountain Ave. Montclair, NJ 07042",3 South Mountain Ave,Montclair,NJ,Essex,07042,,,Kara Walker is a leading contemporary artist best known for her innovative use of the,,"September 15 - November 10, 2021",,,https://www.montclairartmuseum.org/exhibition/kara-walker-virginias-lynch-mob-and-other-works,2025-11-08,Montclair Art Museum,,
Ben Jones: Envision Empower Embrace,Art & Artists,Contemporary Art; Community Art,"3 South Mountain Ave. Montclair, NJ 07042",3 South Mountain Ave,Montclair,NJ,Essex,07042,,,"“I want to lift people up, give them a sense of empowerment and redemption.” -Ben",,"September 15, 2018","January 6, 2019",,https://www.montclairartmuseum.org/exhibition/ben-jones-envision-empower-embrace,2025-11-08,Montclair Art Museum,,
Inspired by the Weight of an Object,Art & Artists,Contemporary Art; Material Culture,"3 South Mountain Ave. Montclair, NJ 07042",3 South Mountain Ave,Montclair,NJ,Essex,07042,,,NA,,"September 15, 2018","June 16, 2019",,https://www.montclairartmuseum.org/exhibition/inspired-weight-object,2025-11-08,Montclair Art Museum,,
Siona Benjamin: Lilith in the New World,Art & Artists,Contemporary Art; Cultural Heritage,"3 South Mountain Ave. Montclair, NJ 07042",3 South Mountain Ave,Montclair,NJ,Essex,07042,,,Monumental banner featuring the mythological character Lilith.,,"September 15, 2023","October 29, 2023",,https://www.montclairartmuseum.org/exhibition/siona-benjamin-lilith-new-world,2025-11-08,Montclair Art Museum,,
Taking Space: Contemporary Women Artists and the Politics of Scale,Art & Artists,Contemporary Art; Feminist Art,"3 South Mountain Ave. Montclair, NJ 07042",3 South Mountain Ave,Montclair,NJ,Essex,07042,,,NA,,"September 15, 2023","August 4, 2024",,https://www.montclairartmuseum.org/exhibition/taking-space-contemporary-women-artists-and-politics-scale,2025-11-08,Montclair Art Museum,,
A Taste of Culture- Hispanic Heritage Month,,,"30 S. Second St., Hammonton, NJ 08037",,Hammonton,NJ,Atlantic,08037,,,,,"September 15, 2023","January 7, 2024",,/s/Education-Guide_HHM.pdf,2025-11-08,Noyes Arts Museum/Gallery,,
Philemona Williamson: Metaphorical Narratives,Art & Artists,Contemporary Art; Figurative Art,"3 South Mountain Ave. Montclair, NJ 07042",3 South Mountain Ave,Montclair,NJ,Essex,07042,,,"I paint figures depicting individuals of varying ethnicities inhabiting timeless, invented, dream-like environments, I probe",,"September 15th – October 15th , 2023",,,https://www.montclairartmuseum.org/exhibition/philemona-williamson-metaphorical-narratives,2025-11-08,Montclair Art Museum,,
Ada Trillo: If Walls Could Speak,,,"30 S. Second St., Hammonton, NJ 08037",,Hammonton,NJ,Atlantic,08037,,,,,"September 16, 2017","January 7, 2018",,http://noyesmuseum.org/hammonton-events/2020/10/29/panel-discussion-ada-trillo-if-walls-could-speak-hazzs; https://noyes-museum.squarespace.com/s/Ada_Trillo_Panel_November-19.pdf; http://adatrillo.com/if-walls-could-speak-asylum-seekers; https://noyes-museum.squarespace.com/s/Education-Guide_Noyes_Ada_Trillo-f3jr.pdf; https://static1.squarespace.com/static/56fd4f0d45bf21c39ace2e5b/t/5f6babb17ae9bb6261f351e7/1600891838065/AdaOnlineExhibition_.pdf,2025-11-08,Noyes Arts Museum/Gallery,,
Nolan Ryan Pop-Up Exhibit,,,"30 S. Second St., Hammonton, NJ 08037",,Hammonton,NJ,Atlantic,08037,,,,,"September 17, 2020 - January 8, 2021",,,https://noyes-museum.squarespace.com/s/EducationGuide_NolanRyan1.docx; https://noyes-museum.squarespace.com/s/Nolan-Ryan-Timeline.pdf,2025-11-08,Noyes Arts Museum/Gallery,,
Steve Kuzma,,,"30 S. Second St., Hammonton, NJ 08037",,Hammonton,NJ,Atlantic,08037,,,,,"September 19, 2022 - February 26, 2023",,,http://stevekuzma.com/; http://noyesmuseum.org/s/Education-Guide_Steve-Kuzma_Seaview-Resort_.pdf,2025-11-08,Noyes Arts Museum/Gallery,,
Into the Forest,,,"30 S. Second St., Hammonton, NJ 08037",,Hammonton,NJ,Atlantic,08037,,,,,"September 26, 2019 - September 11, 2020",,,http://noyesmuseum.org/s/Into-the-Forest-Exhibition-2019_.pdf; https://intotheforestinstallation.com/,2025-11-08,Noyes Arts Museum/Gallery,,
RAW 2018,,,"30 S. Second St., Hammonton, NJ 08037",,Hammonton,NJ,Atlantic,08037,,,,,"September 27, 2019 - January 2, 2020",,,http://noyesmuseum.org/s/RAW-2018_Education-Guide_1-1.pdf; http://noyesmuseum.org/s/RAW-2018_Education-Guide_Extended-Artists-Statements-Bios.pdf,2025-11-08,Noyes Arts Museum/Gallery,,
2023 Noyes Artist Members Exhibition,,,"30 S. Second St., Hammonton, NJ 08037",,Hammonton,NJ,Atlantic,08037,,,,,"September 28, 2018 - January 27, 2019",,,https://noyesmuseum.org/s/2023NoyesArtistMembers_EducationGuide.pdf,2025-11-08,Noyes Arts Museum/Gallery,,
Nanette Carter: Shifting Perspectives,Art & Artists,Contemporary Art; Abstraction,"3 South Mountain Ave. Montclair, NJ 07042",3 South Mountain Ave,Montclair,NJ,Essex,07042,,,,,"September 28, 2023 - January 4, 2024",,,https://www.montclairartmuseum.org/exhibition/nanette-carter-shifting-perspectives,2025-11-08,Montclair Art Museum,,
2024 New Jersey Arts Annual: Exploring our Connections,Art & Artists,Contemporary Art; Regional Art,"3 South Mountain Ave. Montclair, NJ 07042",3 South Mountain Ave,Montclair,NJ,Essex,07042,,,NA,,"September 28, 2024","August 5, 2025",,https://www.montclairartmuseum.org/exhibition/2024-new-jersey-arts-annual-exploring-our-connections,2025-11-08,Montclair Art Museum,,
A World Lit Only By Fire,Art & Artists,Medieval Art; Historical Interpretation,"Lower Art Gallery, 101 Vera King Farris Drive, Galloway, NJ 08205",,Galloway,NJ,Atlantic,08205,,,,,"September 28, 2024","January 5, 2025",,https://stockton.edu/art,2025-11-08,Stockton Art Gallery,,
A Pinelands Portrait: Art of the Pine Barrens,Local/Regional History,Environmental Art; Ecology,"Lower Art Gallery, 101 Vera King Farris Drive, Galloway, NJ 08205",,Galloway,NJ,Atlantic,08205,,,,,September 5 – November 12,,,https://stockton.edu/art,2025-11-08,Stockton Art Gallery,,
"Indigenous Approaches, Sustainable Futures",Native American History,Environmental Justice; Ecology,"Upper & Lower Art Galleries, 101 Vera King Farris Drive, Galloway, NJ 08205",,Galloway,NJ,Atlantic,08205,,,,,September 5 – November 12,,,https://stockton.edu/art,2025-11-08,Stockton Art Gallery,,
Janet Boltax,,,"30 S. Second St., Hammonton, NJ 08037",,Hammonton,NJ,Atlantic,08037,,,,,"September 5 – November 17, 2024",,,/s/Janet-Boltax_Ed-Guide-d2fe.pdf,2025-11-08,Noyes Arts Museum/Gallery,,
Whitfield Lovell: Deep River ; Al Gold Memorial Lecture Series & Reception,African American History,Installation Art; Memory Studies,"Campus Center Theatre, 101 Vera King Farris Drive, Galloway, NJ 08205",,Galloway,NJ,Atlantic,08205,,,,,"September 6 - December 2, 2018",,,https://stockton.edu/art,2025-11-08,Stockton Art Gallery,,
Ron Tarver: Forty Years an Idea ; Al Gold Memorial Lecture Series & Reception,Art & Artists,Photography; African American History,"Campus Center Theatre, 101 Vera King Farris Drive, Galloway, NJ 08205",,Galloway,NJ,Atlantic,08205,,,,,"Tuesday, March 19th @2:30pm",,,https://stockton.edu/art,2025-11-08,Stockton Art Gallery,,
Ecosystems at Risk: Threatened and Endangered in New Jersey,Natural History,Ecology,"205 W State St.  Trenton, NJ 08608",205 W State St,Trenton,NJ,Mercer,08608,,,"Presents major ecosystems in New Jersey and highlights threatened and endangered species in each, from bobcats in the Skylands to Piping Plovers along the Atlantic Coast.",,"Wednesday, March 5th @2:30pm",,,https://www.nj.gov/state/museum/explore-exhibits.shtml,2025-11-08,NJ State Museum,,
The Civil War Flag Collection of New Jersey,Military History,Civil War; Material Culture,"205 W State St.  Trenton, NJ 08608",205 W State St,Trenton,NJ,Mercer,08608,,,"Rare collection of flags carried into battle by New Jersey's Civil War soldiers. Main Building - South Gallery, 1st floor. Flags change periodically.",,,,permanent,https://www.nj.gov/state/museum/explore-exhibits.shtml,2025-11-08,NJ State Museum,,
Written in the Rocks: Fossil Tales of New Jersey,Natural History,Archaeology,"205 W State St.  Trenton, NJ 08608",205 W State St,Trenton,NJ,Mercer,08608,,,"Features New Jersey's Dryptosaurus, the world's first known carnivorous dinosaur, and life-sized cast of Hadrosaurus foulkii.",,,,permanent,https://www.nj.gov/state/museum/explore-exhibits.shtml,2025-11-08,NJ State Museum,,
American Perspectives: The Fine Art Collection,Art & Artists,American History,"205 W State St.  Trenton, NJ 08608",205 W State St,Trenton,NJ,Mercer,08608,,,"Highlights diversity of voices in 19th-21st century American art, including significant NJ artists.",,,,permanent,https://www.nj.gov/state/museum/explore-exhibits.shtml,2025-11-08,NJ State Museum,,
Pretty Big Things: Stories of New Jersey History,Local/Regional History,Material Culture,"205 W State St.  Trenton, NJ 08608",205 W State St,Trenton,NJ,Mercer,08608,,,Long-term core exhibition featuring large artifacts from Cultural History collection documenting everyday life from colonial times through present.,,,,permanent,https://www.nj.gov/state/museum/explore-exhibits.shtml,2025-11-08,NJ State Museum,,
A Much Moved People: Preserving Traditions of the Delaware Indians,Native American History,Cultural Heritage,"205 W State St.  Trenton, NJ 08608",205 W State St,Trenton,NJ,Mercer,08608,,,"Story of Delaware Indian migrations from 1740s to 1890s, featuring objects from late 1700s to early 1900s.",,,,permanent,https://www.nj.gov/state/museum/explore-exhibits.shtml,2025-11-08,NJ State Museum,,
Cultures in Competition: Indians & Europeans in Colonial New Jersey,Native American History,Colonial America,"205 W State St.  Trenton, NJ 08608",205 W State St,Trenton,NJ,Mercer,08608,,,"Seventeenth-century Dutch, Swedish and English competition to start colonies and develop fur trade with Indians.",,,,permanent,https://www.nj.gov/state/museum/explore-exhibits.shtml,2025-11-08,NJ State Museum,,
New Jersey's Original People: Interpreting the Archaeological Collection,Native American History,Archaeology,"205 W State St.  Trenton, NJ 08608",205 W State St,Trenton,NJ,Mercer,08608,,,"Story of New Jersey's native Lenni Lenape people from 13,000 years ago to 17th century through archaeological collections.",,,,permanent,https://www.nj.gov/state/museum/explore-exhibits.shtml,2025-11-08,NJ State Museum,,
Robert Duran,Art & Artists,Modern Art,"205 W State St.  Trenton, NJ 08608",205 W State St,Trenton,NJ,Mercer,08608,,,"Features paintings, drawings, and watercolors by Robert Duran (1938-2005) from 1967 to late 1990s. Born in Salinas, California, to a Filipino father and Shawnee mother, Robert Duran (1938–2005) arrived in New York in the early 1960s via San Francisco, where he soon became part of the artistic milieu associated with Bykert Gallery. Originally a sculptor, Duran and his approach to painting offer an alternative to both the hard-edge geometric abstraction and minimalism that dominated much of the ‘60s and ‘70s in New York. Duran’s acrylic wash surfaces and “color shapes,” as critic Carter Ratcliff called them, at times resemble petroglyphs, and at others take on cartographic or even geological qualities. Despite a critically successful career in the New York art world, around 1980 Duran moved with his family to Hillsdale, New Jersey, where he privately continued to develop his painting style. ",,,,temporary,https://www.nj.gov/state/museum/explore-exhibits.shtml,2025-11-08,NJ State Museum,,
History Beneath Our Feet: Archaeology of a Capital City,Natural History,Archaeology,"205 W State St.  Trenton, NJ 08608",205 W State St,Trenton,NJ,Mercer,08608,,,"Long history of human activity in Trenton through archaeology, featuring excavations at ten locations from prehistoric times to present.",,,2025-03-16,,https://www.nj.gov/state/museum/explore-exhibits.shtml,2025-11-08,NJ State Museum,,
Beyond the Tangible: Non-objective Abstraction from the Collection,Art & Artists,Abstract Art,"205 W State St.  Trenton, NJ 08608",205 W State St,Trenton,NJ,Mercer,08608,,,"26 non-objective abstract works by 22 artists from the Fine Art collection, created since late 1930s.",,,,temporary,https://www.nj.gov/state/museum/explore-exhibits.shtml,2025-11-08,NJ State Museum,,
New Jersey Arts Annual: Reemergence,Art & Artists,Contemporary Art,"205 W State St.  Trenton, NJ 08608",205 W State St,Trenton,NJ,Mercer,08608,,,Highlights work of visual artists and craftspeople from around NJ. 127 works by 95 artists selected for inclusion. Theme: Reemergence.,,,,,https://www.nj.gov/state/museum/explore-exhibits.shtml,2025-11-08,NJ State Museum,,
Jaw Dropping World of Sharks,Natural History,Marine ,"205 W State St.  Trenton, NJ 08608",205 W State St,Trenton,NJ,Mercer,08608,,,"Explores sharks' 400-million-year history, biology, fossil record, conservation and cultural significance using Museum collection specimens.",,,,,https://www.nj.gov/state/museum/explore-exhibits.shtml,2025-11-08,NJ State Museum,,
Science History Art: Experience Your State Museum,Local/Regional History,Interdisciplinary,"205 W State St.  Trenton, NJ 08608",205 W State St,Trenton,NJ,Mercer,08608,,,"Glimpse into diversity of Museum collections in Natural History, Archaeology & Ethnography, Cultural History and Fine Art - over 2,000,000 specimens, artifacts and objects.",,,,,https://www.nj.gov/state/museum/explore-exhibits.shtml,2025-11-08,NJ State Museum,,
Youth Art Month,,,"30 S. Second St., Hammonton, NJ 08037",,Hammonton,NJ,Atlantic,08037,,,,,,,,,2025-11-08,Noyes Arts Museum/Gallery,,
Greater Atlantic Partnership: Student Pop Up Exhibit,,,"30 S. Second St., Hammonton, NJ 08037",,Hammonton,NJ,Atlantic,08037,,,,,,,,,2025-11-08,Noyes Arts Museum/Gallery,,
"By Her Hands: Mary May,",,,"30 S. Second St., Hammonton, NJ 08037",,Hammonton,NJ,Atlantic,08037,,,,,,,,https://noyesmuseum.org/s/MaryMayNikiGiberson_EducationGuide_2025_Final.pdf; https://artsgarageac.salesvu.com/?category_id=21&location_id=29669&product=6353&storeid=29669; https://noyesmuseum.org/all-noyes-events/2025/3/3/lunch-and-learn-with-niki-giberson-and-mary-may; https://noyesmuseum.org/all-noyes-events/2025/3/28/south-jersey-berry-basket-weaving-workshop-with-mary-maynbsp,2025-11-08,Noyes Arts Museum/Gallery,,
Clay in Mind A juried student exhibition,,,"30 S. Second St., Hammonton, NJ 08037",,Hammonton,NJ,Atlantic,08037,,,,,,,,,2025-11-08,Noyes Arts Museum/Gallery,,
"Our House is on Fire A group exhibition featuring: Judy Brodsky, Linda Dubin Garfield, Pamela Tudor, and Elsa Wachs",,,"30 S. Second St., Hammonton, NJ 08037",,Hammonton,NJ,Atlantic,08037,,,,,,,,https://noyesmuseum.org/s/Draft-Our-House-is-on-Fire-Ed-Guide.pdf,2025-11-08,Noyes Arts Museum/Gallery,,
Pop-Up Art Exhibition Maryn Olson: My Story with a Traumatic Brain Injury,,,"30 S. Second St., Hammonton, NJ 08037",,Hammonton,NJ,Atlantic,08037,,,,,,,,https://noyesmuseum.org/s/MarynOlson_EducationGuide_2024-34dg.pdf; https://noyesmuseum.org/s/MarynOlson_2024_ArtistStatement.pdf,2025-11-08,Noyes Arts Museum/Gallery,,
COMPLEX PLANET Contemporary Art Electroacoustic Music International Exhibition with MUSLAB,,,"30 S. Second St., Hammonton, NJ 08037",,Hammonton,NJ,Atlantic,08037,,,,,,,,https://noyesmuseum.org/s/COMPLEX-PLANET-Prints-Noyes-Museum.pdf,2025-11-08,Noyes Arts Museum/Gallery,,
Society of New Jersey Artists,,,"30 S. Second St., Hammonton, NJ 08037",,Hammonton,NJ,Atlantic,08037,,,,,,,,,2025-11-08,Noyes Arts Museum/Gallery,,
Laura Bethmann and Mary Kliauga,,,"30 S. Second St., Hammonton, NJ 08037",,Hammonton,NJ,Atlantic,08037,,,,,,,,,2025-11-08,Noyes Arts Museum/Gallery,,
A Taste of Culture Pop-Up Exhibit Dominican Republic,,,"30 S. Second St., Hammonton, NJ 08037",,Hammonton,NJ,Atlantic,08037,,,,,,,,https://noyesmuseum.org/s/Education-Guide_Multicultural_February2023.pdf,2025-11-08,Noyes Arts Museum/Gallery,,
Stories of Displacementl Migration and refugee crisis through the eyes of emerging artists,,,"30 S. Second St., Hammonton, NJ 08037",,Hammonton,NJ,Atlantic,08037,,,,,,,,https://noyesmuseum.org/s/Education-Guide_StoriesOfDisplacement.pdf,2025-11-08,Noyes Arts Museum/Gallery,,
Terrill Johnson,,,"30 S. Second St., Hammonton, NJ 08037",,Hammonton,NJ,Atlantic,08037,,,,,,,,https://noyesmuseum.org/s/Education-Guide_Links_TerrillJohnson2022.pdf,2025-11-08,Noyes Arts Museum/Gallery,,
Picturing Women Inventors By the Smithsonian Institution Traveling Exhibition Service,,,"30 S. Second St., Hammonton, NJ 08037",,Hammonton,NJ,Atlantic,08037,,,,,,,,https://www.sites.si.edu/s/topic/0TO1Q000000wz9hWAA/picturing-women-inventors-poster-exhibition; https://static1.squarespace.com/static/56fd4f0d45bf21c39ace2e5b/t/60a81b9359fb4338262ca3dc/1621629851170/Picturing+Women+Inventors+Virtual+Exhibition.pdf,2025-11-08,Noyes Arts Museum/Gallery,,
"In Real Life Artists: Mark Allen Natale, Ted Walsh, Michael Schweigart, & Nick Savides",,,"30 S. Second St., Hammonton, NJ 08037",,Hammonton,NJ,Atlantic,08037,,,,,,,,https://noyesmuseum.org/s/Realism_Hammonton_EdGuide.pdf,2025-11-08,Noyes Arts Museum/Gallery,,
Jennifer Blair,,,"30 S. Second St., Hammonton, NJ 08037",,Hammonton,NJ,Atlantic,08037,,,,,,,,https://jennb126.wixsite.com/jblacreations; https://noyes-museum.squarespace.com/s/JenniferBlairEducationGuide-as2k.pdf,2025-11-08,Noyes Arts Museum/Gallery,,
Bill Parker,,,"30 S. Second St., Hammonton, NJ 08037",,Hammonton,NJ,Atlantic,08037,,,,,,,,https://www.billparkerartist.com/; https://noyes-museum.squarespace.com/s/Education-Guide_Bill-Parker_Seaview-Resort_.pdf,2025-11-08,Noyes Arts Museum/Gallery,,
Jenson Cheng: Aesthetics and Meanings,,,"30 S. Second St., Hammonton, NJ 08037",,Hammonton,NJ,Atlantic,08037,,,,,,,,http://noyesmuseum.org/s/Jenson-Cheng-Exhibition_Education-Guide-wakn.pdf,2025-11-08,Noyes Arts Museum/Gallery,,
Lavett Ballard,,,"30 S. Second St., Hammonton, NJ 08037",,Hammonton,NJ,Atlantic,08037,,,,,,,,/s/Education-Guide_The-Souls-of-Black-Folk-Lavett-Ballard-Exhibition.pdf; https://www.lavettbeart.com/,2025-11-08,Noyes Arts Museum/Gallery,,
Marie Natale,,,"30 S. Second St., Hammonton, NJ 08037",,Hammonton,NJ,Atlantic,08037,,,,,,,,http://www.marienatale.com/index.html; http://noyesmuseum.org/s/Education-Guide_Marie-Natale_Seaview-Resort.pdf,2025-11-08,Noyes Arts Museum/Gallery,,
Jack Knight,,,"30 S. Second St., Hammonton, NJ 08037",,Hammonton,NJ,Atlantic,08037,,,,,,,,http://www.artistjackknight.com/; http://noyesmuseum.org/s/Ed-Guide_Jack-Knight-Exhibition_2019.pdf,2025-11-08,Noyes Arts Museum/Gallery,,
Marian D. Harris,,,"30 S. Second St., Hammonton, NJ 08037",,Hammonton,NJ,Atlantic,08037,,,,,,,,https://noyes-museum.squarespace.com/s/Ed-Guide-Marian-D-Harris-AtlantiCare-2019.pdf,2025-11-08,Noyes Arts Museum/Gallery,,
2019 Paint Hammonton: Plein-Air Exhibition,,,"30 S. Second St., Hammonton, NJ 08037",,Hammonton,NJ,Atlantic,08037,,,,,,,,http://noyesmuseum.org/s/Plein-Air-Ed-Guide_02.pdf,2025-11-08,Noyes Arts Museum/Gallery,,
